year,month,day,tag,prey,preynumber,preymass,preysl,preybd,comments,chaoborus
2017,7,26,146,chironomid pupae,2,0.01,NA,NA,NA,yes
2017,7,26,146,chironomid larvae,8,0.01,NA,NA,NA,yes
2017,7,26,146,uip,1,0.01,NA,NA,NA,yes
2017,7,26,152,ephemeroptera larvae,16,0.41,NA,NA,NA,yes
2017,7,26,152,chaoborus,1,0,NA,NA,NA,yes
2017,7,27,156,vegitation,10,0.28,NA,NA,NA,yes
2017,7,27,156,ufp,1,0.1,NA,NA,NA,yes
2017,7,27,156,ephemeroptera larvae,1,0.01,NA,NA,NA,yes
2017,7,27,158,hap,1,0.07,NA,NA,NA,yes
2017,7,27,158,ephemeroptera larvae,1,0.06,NA,NA,NA,yes
2017,7,27,158,chaoborus,32,0.06,NA,NA,NA,yes
2017,7,27,158,chironomid pupae,1,0,NA,NA,NA,yes
2017,7,27,162,chironomid larvae,2,0,NA,NA,NA,yes
2017,7,27,162,chaoborus,1,0,NA,NA,NA,yes
2017,7,27,162,uip,1,0.02,NA,NA,NA,yes
2017,7,27,163,leech,5,0.16,NA,NA,NA,yes
2017,7,27,163,ufp,6,0.08,NA,NA,NA,yes
2017,7,27,163,chironomid larvae,3,0.01,NA,NA,NA,yes
2017,7,27,164,chironomid larvae,1,0.01,NA,NA,NA,yes
2017,7,27,164,leech,2,0.1,NA,NA,NA,yes
2017,7,27,164,hap,1,0.08,1.5,0.5,NA,yes
2017,9,23,235,ephemeroptera larvae,1,0.04,NA,NA,NA,yes
2017,9,23,239,chironomid larvae,1,0.01,NA,NA,NA,yes
2017,9,23,240,ephemeroptera larvae,21,0.4,NA,NA,NA,yes
2017,10,26,283,hap,1,11.09,NA,NA,NA,yes
2017,10,26,283,vegitation,1,0.21,NA,NA,NA,yes
2017,9,25,300,hap,1,4.75,5.7,1.8,NA,yes
2017,9,25,300,hap,1,1.39,NA,NA,NA,yes
2017,9,25,300,mukene,1,0.52,NA,NA,NA,yes
2018,3,14,346,ephemeroptera larvae,106,3.69,NA,NA,NA,yes
2017,12,20,368,mastacembelus,1,26.64,NA,NA,NA,yes
2017,12,20,368,hap,2,10.4,NA,NA,NA,yes
2018,1,17,398,leech,7,0.06,NA,NA,NA,yes
2018,1,17,398,ephemeroptera larvae,13,0.25,NA,NA,NA,yes
2018,1,17,400,leech,9,0.43,NA,NA,NA,yes
2018,1,17,400,ephemeroptera larvae,17,0.13,NA,NA,NA,yes
2018,1,17,400,chironomid pupae,2,0.02,NA,NA,NA,yes
2018,1,17,400,chironomid larvae,4,0.01,NA,NA,NA,yes
2018,1,17,400,uip,1,0.07,NA,NA,NA,yes
2018,1,17,400,vegitation,1,0.01,NA,NA,NA,yes
2018,1,17,401,hap,2,0.95,NA,NA,NA,yes
2018,1,17,405,ephemeroptera larvae,76,0.87,NA,NA,NA,yes
2018,1,18,407,odonata larvae,1,0.17,NA,NA,NA,yes
2018,1,18,407,ephemeroptera larvae,37,1.3,NA,NA,NA,yes
2018,1,18,407,chironomid pupae,5,0.02,NA,NA,NA,yes
2018,1,18,407,vegitation,3,0.04,NA,NA,NA,yes
2018,1,18,412,ephemeroptera larvae,9,0.19,NA,NA,NA,yes
2018,1,18,412,chironomid larvae,4,0.01,NA,NA,NA,yes
2018,1,18,412,chironomid pupae,7,0.04,NA,NA,NA,yes
2018,1,18,412,vegitation,1,0,NA,NA,NA,yes
2018,1,18,413,ephemeroptera larvae,13,0.21,NA,NA,NA,yes
2018,1,18,414,ephemeroptera larvae,6,0.05,NA,NA,NA,yes
2018,1,18,414,chironomid pupae,2,0.01,NA,NA,NA,yes
2018,1,19,417,hap,1,0.15,NA,NA,NA,yes
2018,1,19,421,ufp,1,0.7,NA,NA,NA,yes
2018,1,20,427,ufp,1,0.7,NA,NA,NA,yes
2018,3,14,435,ephemeroptera larvae,121,3.6,NA,NA,NA,yes
2018,3,14,439,odonata larvae,1,0.56,NA,NA,NA,yes
2018,3,14,439,ufp,1,0.02,NA,NA,NA,yes
2018,3,14,439,unidentified,1,0.11,NA,NA,NA,yes
2018,3,14,439,ephemeroptera larvae,10,0.19,NA,NA,NA,yes
2018,3,14,440,chironomid larvae,1,0.01,NA,NA,NA,yes
2018,3,14,440,ephemeroptera larvae,23,0.56,NA,NA,NA,yes
2018,3,14,442,ephemeroptera larvae,66,1.6,NA,NA,NA,yes
2018,3,15,446,ephemeroptera larvae,13,0.53,NA,NA,NA,yes
2018,3,15,446,chironomid pupae,2,0,NA,NA,NA,yes
2018,3,15,447,ephemeroptera larvae,31,1.04,NA,NA,NA,yes
2018,3,15,448,ephemeroptera larvae,18,0.3,NA,NA,NA,yes
2017,10,15,457,odonata larvae,6,1.19,NA,NA,NA,yes
2018,3,16,461,unidentified,1,0.35,NA,NA,NA,yes
2018,3,16,461,chironomid larvae,2,0.01,NA,NA,NA,yes
2018,3,16,461,parasitoid worm,4,0.03,NA,NA,NA,yes
2018,3,16,461,annelid worm,1,0.22,NA,NA,NA,yes
2018,3,16,462,hap,1,5.11,5.55,2.2,NA,yes
2018,3,16,462,hap,1,2.35,NA,NA,NA,yes
2018,3,16,462,ufp,1,0.25,NA,NA,NA,yes
2018,3,16,462,vegitation,1,0.06,NA,NA,NA,yes
2018,3,22,468,ephemeroptera larvae,39,0.75,NA,NA,NA,yes
2018,3,22,469,ephemeroptera larvae,77,3.59,NA,NA,NA,yes
2018,3,22,473,odonata larvae,3,0.88,NA,NA,NA,yes
2018,3,22,473,rocks,1,0.04,NA,NA,NA,yes
2018,3,22,473,odonata larvae,1,0.18,NA,NA,NA,yes
2018,4,10,479,ephemeroptera larvae,6,0.09,NA,NA,NA,yes
2018,4,10,479,chironomid pupae,1,0,NA,NA,NA,yes
2018,4,10,480,hap,1,2.04,NA,NA,NA,yes
2018,4,10,480,chironomid pupae,8,0.03,NA,NA,NA,yes
2018,4,10,480,chaoborus,11,0.02,NA,NA,NA,yes
2018,4,10,481,hap,2,2.86,NA,NA,NA,yes
2018,4,10,481,ufp,1,0.13,NA,NA,NA,yes
2018,4,10,481,vegitation,1,0.03,NA,NA,NA,yes
2018,4,10,482,odonata larvae,1,0.28,NA,NA,NA,yes
2018,4,10,482,ufp,1,0.42,NA,NA,NA,yes
2018,4,10,482,hap,3,4.05,NA,NA,NA,yes
2018,4,10,482,hap,1,4.07,5.6,1.75,NA,yes
2018,4,10,486,ufp,1,0.05,NA,NA,NA,yes
2018,4,10,486,hap,1,0.8,NA,NA,NA,yes
2018,4,11,495,uip,1,0.05,NA,NA,NA,yes
2018,4,11,495,chaoborus,1,0,NA,NA,NA,yes
2018,4,11,495,chironomid pupae,2,0,NA,NA,NA,yes
2018,4,11,495,chironomid larvae,1,0,NA,NA,NA,yes
2018,4,11,498,ufp,1,0.1,NA,NA,NA,yes
2018,4,12,504,odonata larvae,3,0.33,NA,0.7,NA,yes
2018,4,13,507,cichlid,1,0.62,NA,NA,NA,yes
2018,4,13,507,ufp,1,0.02,NA,NA,NA,yes
2018,4,13,511,odonata larvae,7,0.71,0.9,0.7,NA,yes
2018,4,13,511,ephemeroptera larvae,1,0.03,NA,NA,NA,yes
2018,4,13,517,ephemeroptera larvae,65,2.15,NA,NA,NA,yes
2018,4,13,517,chironomid pupae,9,0.05,NA,NA,NA,yes
2018,4,13,517,chironomid larvae,1,0,NA,NA,NA,yes
2017,5,7,5,ephemeroptera larvae,16,0.29,NA,NA,NA,no
2017,5,7,5,unidentified,1,0.01,NA,NA,NA,no
2017,5,7,6,vegitation,1,0.01,NA,NA,NA,no
2017,5,7,6,ephemeroptera larvae,17,0.33,NA,NA,NA,no
2017,5,7,6,ufp,1,0.02,NA,NA,NA,no
2017,5,7,7,ephemeroptera larvae,17,0.3,NA,NA,NA,no
2017,5,7,8,ephemeroptera larvae,42,0.74,NA,NA,NA,no
2017,5,7,9,ephemeroptera larvae,38,0.7,NA,NA,NA,no
2017,5,7,11,ephemeroptera larvae,20,0.43,NA,NA,NA,no
2017,5,7,11,odonata larvae,1,0.06,NA,NA,NA,no
2017,5,7,11,ufp,1,0.04,NA,NA,NA,no
2017,5,7,12,ephemeroptera larvae,42,0.88,NA,NA,NA,no
2017,5,7,14,hap,1,7.56,NA,NA,NA,no
2017,5,7,15,ufp,1,0.9,NA,NA,NA,no
2017,4,20,41,hap,1,0.58,NA,NA,NA,no
2017,4,20,41,ufp,1,0.68,NA,NA,NA,no
2017,4,22,65,hap,2,6.53,NA,NA,NA,no
2016,7,26,79,ephemeroptera larvae,22,0.7,NA,NA,NA,no
2017,1,24,193,ufp,1,0.07,NA,NA,NA,no
2017,1,24,193,hap,1,0.24,NA,NA,NA,no
2017,1,24,194,hap,1,0.21,NA,NA,NA,no
2017,1,24,195,cichlid,1,0.48,NA,NA,NA,no
2017,1,24,198,diptera larvae,99,0.1,NA,NA,NA,no
2016,5,31,1001,hap,1,0.05,NA,NA,NA,no
2016,5,31,1001,cichlid,1,0.09,NA,NA,NA,no
2016,5,31,1002,diptera larvae,8,0.01,NA,NA,NA,no
2016,5,31,1002,cichlid,1,0.06,NA,NA,NA,no
2016,5,31,1004,hap,2,7.12,NA,NA,NA,no
2016,5,31,1010,vegitation,1,0.02,NA,NA,NA,no
2016,5,31,1010,cichlid,1,1.74,NA,NA,NA,no
2016,5,31,1016,hap,1,2.29,NA,NA,NA,no
2016,5,31,1020,hap,1,6.97,NA,NA,NA,no
2016,6,1,1036,diptera pupae,2,0.02,NA,NA,NA,no
2016,6,1,1036,diptera larvae,60,0.12,NA,NA,NA,no
2016,6,1,1038,cichlid,3,0.19,NA,NA,NA,no
2016,6,1,1038,ufp,1,0.08,NA,NA,NA,no
2016,6,1,1038,uip,1,0.13,NA,NA,NA,no
2016,6,1,1040,diptera pupae,2,0.01,NA,NA,NA,no
2016,6,1,1040,diptera larvae,66,0.08,NA,NA,NA,no
2016,6,1,1042,ephemeroptera larvae,2,0.01,NA,NA,NA,no
2016,6,1,1042,diptera pupae,1,0.01,NA,NA,NA,no
2016,6,1,1042,diptera larvae,9,0.01,NA,NA,NA,no
2016,6,1,1046,diptera pupae,6,0.03,NA,NA,NA,no
2016,6,1,1046,diptera larvae,4,0.01,NA,NA,NA,no
2016,6,1,1101,ufp,1,0.1,NA,NA,NA,no
2016,6,1,1101,diptera larvae,13,0.02,NA,NA,NA,no
2016,6,2,1105,diptera larvae,215,0.25,NA,NA,NA,no
2016,6,2,1106,diptera larvae,1,0.01,NA,NA,NA,no
2016,6,2,1106,diptera pupae,1,0.01,NA,NA,NA,no
2016,6,2,1106,uip,1,0.01,NA,NA,NA,no
2016,6,3,1110,hap,1,2.68,NA,NA,NA,no
2017,6,3,1113,barbus,1,0.57,NA,NA,NA,no
2016,6,3,1114,hap,1,0.78,NA,NA,NA,no
2016,6,3,1119,hap,1,5.47,NA,NA,NA,no
2016,7,5,1124,cichlid,1,0.1,NA,NA,NA,no
2016,7,5,1128,ufp,1,0.33,NA,NA,NA,no
2016,7,5,1129,hap,1,0.12,NA,NA,NA,no
2016,7,6,1143,hap,1,4.67,NA,NA,NA,no
2016,7,6,1146,diptera larvae,80,0.14,NA,NA,NA,no
2016,7,7,1201,cichlid,1,0.04,NA,NA,NA,no
2016,7,7,1210,hap,1,3.78,NA,NA,NA,no
2016,7,7,1213,ephemeroptera larvae,12,0.19,NA,NA,NA,no
2016,7,7,1213,diptera pupae,2,0.01,NA,NA,NA,no
2016,7,7,1218,cichlid,1,0.05,NA,NA,NA,no
2016,7,8,1220,ephemeroptera larvae,8,0.06,NA,NA,NA,no
2016,7,8,1220,unidentified,1,0.01,NA,NA,NA,no
2016,7,8,1227,ufp,1,0.01,NA,NA,NA,no
2016,7,8,1227,diptera pupae,15,0.07,NA,NA,NA,no
2016,7,8,1227,diptera larvae,35,0.06,NA,NA,NA,no
2016,7,8,1228,diptera larvae,3,0.01,NA,NA,NA,no
2016,7,8,1232,diptera pupae,20,0.14,NA,NA,NA,no
2016,7,8,1232,diptera larvae,30,0.21,NA,NA,NA,no
2016,7,8,1233,uip,1,0.01,NA,NA,NA,no
2016,7,8,1233,nile perch,1,4.33,NA,NA,NA,no
2016,7,8,1240,ephemeroptera larvae,4,0.16,NA,NA,NA,no
2016,7,8,1243,odonata larvae,1,0.23,NA,NA,NA,no
2016,7,8,1243,hap,2,0.17,NA,NA,NA,no
2016,7,8,1243,ufp,1,0.04,NA,NA,NA,no
2016,7,8,1243,uip,1,0.03,NA,NA,NA,no
2016,7,8,1243,diptera larvae,4,0.02,NA,NA,NA,no
2016,7,8,1246,diptera pupae,10,0.07,NA,NA,NA,no
2016,7,8,1246,diptera larvae,20,0.14,NA,NA,NA,no
2016,7,26,1249,ephemeroptera larvae,11,0.17,NA,NA,NA,no
2016,7,26,1250,ephemeroptera larvae,9,0.1,NA,NA,NA,no
2016,7,26,1250,ufp,1,0.01,NA,NA,NA,no
2016,7,26,1250,vegitation,1,0.01,NA,NA,NA,no
2016,2,8,1252,ufp,1,0.05,NA,NA,NA,no
2016,2,8,1252,rope,1,0.03,4,0.1,NA,no
2016,2,8,1252,vegitation,5,0.08,NA,NA,NA,no
2016,2,8,1254,hap,2,3.85,NA,NA,NA,no
2016,2,8,1254,vegitation,2,0.06,NA,NA,NA,no
2016,2,9,1270,cichlid,1,0.78,NA,NA,NA,no
2016,2,9,1274,hap,1,0.52,NA,NA,NA,no
2016,7,26,1278,ephemeroptera larvae,7,0.05,NA,NA,NA,no
2016,7,26,1278,ufp,2,0.85,NA,NA,NA,no
2016,7,26,1280,leech,6,0.19,NA,NA,NA,no
2016,7,26,1280,ephemeroptera larvae,4,0.14,NA,NA,NA,no
2016,7,26,1280,diptera pupae,11,0.03,NA,NA,NA,no
2016,7,26,1280,diptera larvae,35,0.07,NA,NA,NA,no
2016,6,26,1282,leech,1,0.01,NA,NA,NA,no
2016,6,26,1282,ephemeroptera larvae,36,0.84,NA,NA,NA,no
2016,7,26,1285,ephemeroptera larvae,5,0.01,NA,NA,NA,no
2016,7,26,1285,diptera larvae,6,0.01,NA,NA,NA,no
2016,7,26,1285,uip,1,0.01,NA,NA,NA,no
2016,7,27,1290,hap,1,13.32,NA,NA,NA,no
2016,7,27,1291,odonata larvae,1,0.21,NA,NA,NA,no
2016,7,27,1291,ephemeroptera larvae,9,0.07,NA,NA,NA,no
2016,7,27,1291,uip,1,0.06,NA,NA,NA,no
2016,7,27,1296,ephemeroptera larvae,6,0.18,NA,NA,NA,no
2016,7,27,1305,nile perch,1,0.15,NA,NA,NA,no
2016,7,27,1305,diptera larvae,2,0.01,NA,NA,NA,no
2016,7,27,1305,ufp,1,0.22,NA,NA,NA,no
2016,7,27,1311,diptera larvae,1,0.01,NA,NA,NA,no
2016,7,27,1311,diptera pupae,3,0.02,NA,NA,NA,no
2016,7,27,1311,ephemeroptera larvae,23,0.21,NA,NA,NA,no
2016,7,28,1321,cichlid,1,1.7,NA,NA,NA,no
2016,7,29,1391,diptera larvae,25,0.08,NA,NA,NA,no
2016,7,29,1393,nile perch,2,7.32,NA,NA,NA,no
2016,7,29,1393,hap,1,3.5,NA,NA,NA,no
2016,7,29,1393,ephemeroptera larvae,1,0.01,NA,NA,NA,no
2016,8,24,1395,ephemeroptera larvae,5,0.09,NA,NA,NA,no
2016,8,24,1397,diptera larvae,200,0.36,NA,NA,NA,no
2016,8,24,1397,diptera pupae,1,0.01,NA,NA,NA,no
2016,8,24,1397,ephemeroptera larvae,7,0.05,NA,NA,NA,no
2016,8,24,1401,diptera larvae,46,0.07,NA,NA,NA,no
2016,8,24,1401,odonata larvae,2,0.11,NA,NA,NA,no
2016,8,24,1404,tilapiine cichlid,1,0.06,NA,NA,NA,no
2016,8,24,1404,hap,1,0.19,NA,NA,NA,no
2016,8,25,1413,ufp,1,0.27,NA,NA,NA,no
2016,8,25,1418,diptera pupae,2,0.01,NA,NA,NA,no
2016,8,25,1418,ephemeroptera larvae,2,0.03,NA,NA,NA,no
2016,8,25,1418,hap,1,0.06,NA,NA,NA,no
2016,8,25,1418,ufp,1,0.01,NA,NA,NA,no
2016,8,25,1423,ephemeroptera larvae,1,0.01,NA,NA,NA,no
2016,8,25,1423,diptera pupae,7,0.03,NA,NA,NA,no
2016,8,25,1423,diptera larvae,72,0.09,NA,NA,NA,no
2016,8,25,1425,hap,2,0.16,NA,NA,NA,no
2016,8,26,1427,hap,1,0.18,NA,NA,NA,no
2016,8,26,1427,ephemeroptera larvae,1,0.01,NA,NA,NA,no
2016,8,26,1431,hap,1,0.95,NA,NA,NA,no
2016,9,20,1442,ephemeroptera larvae,10,0.22,NA,NA,NA,no
2016,9,20,1442,diptera larvae,1,0.01,NA,NA,NA,no
2016,9,20,1443,ephemeroptera larvae,7,0.15,NA,NA,NA,no
2016,3,9,1451,ufp,1,0.27,NA,NA,NA,no
2016,3,9,1451,vegitation,1,0.01,NA,NA,NA,no
2016,3,9,1468,hap,1,0.39,NA,NA,NA,no
2016,3,9,1469,hap,1,3.18,5.2,1.5,NA,no
2016,3,9,1469,barbus,1,1.19,4.3,1.1,NA,no
2016,3,11,1479,cichlid,1,0.21,NA,NA,NA,no
2016,3,11,1484,ephemeroptera larvae,6,0.08,NA,NA,NA,no
2016,4,2,1489,ephemeroptera larvae,15,0.25,NA,NA,NA,no
2016,4,2,1497,ephemeroptera larvae,9,0.13,NA,NA,NA,no
2016,4,2,1497,hap,1,0.11,NA,NA,NA,no
2016,4,2,1500,ephemeroptera larvae,16,0.14,NA,NA,NA,no
2016,4,2,1502,ephemeroptera larvae,10,0.19,NA,NA,NA,no
2016,4,2,1505,hap,6,0.67,NA,NA,NA,no
2016,4,2,1505,diptera pupae,2,0.01,NA,NA,NA,no
2016,4,2,1505,diptera larvae,2,0.01,NA,NA,NA,no
2016,4,2,1507,diptera pupae,4,0.02,NA,NA,NA,no
2016,4,2,1507,leech,1,0.01,NA,NA,NA,no
2016,4,2,1507,diptera larvae,5,0.01,NA,NA,NA,no
2016,4,2,1507,ephemeroptera larvae,1,0.01,NA,NA,NA,no
2016,4,3,1516,diptera pupae,60,0.19,NA,NA,NA,no
2016,4,3,1516,diptera larvae,60,0.24,NA,NA,NA,no
2016,2,9,1526,ufp,1,0.71,NA,NA,NA,no
2016,2,9,1529,diptera larvae,71,0.09,NA,NA,NA,no
2016,2,9,1530,mukene,1,0.4,NA,NA,NA,no
2016,2,10,1534,hap,1,3.17,NA,NA,NA,no
2016,2,10,1535,ephemeroptera larvae,5,0.02,NA,NA,NA,no
2016,2,10,1535,diptera pupae,3,0.01,NA,NA,NA,no
2016,2,10,1535,vegitation,1,0.01,NA,NA,NA,no
2016,2,10,1538,hap,2,0.33,NA,NA,NA,no
2016,2,10,1538,ufp,1,0.04,NA,NA,NA,no
2016,2,10,1540,hap,2,0.21,NA,NA,NA,no
2016,2,10,1540,uip,1,0.01,NA,NA,NA,no
2016,4,3,1552,ephemeroptera larvae,5,0.02,NA,NA,NA,no
2016,4,3,1553,hap,1,0.39,NA,NA,NA,no
2016,4,3,1553,diptera pupae,2,0.01,NA,NA,NA,no
2016,4,3,1553,vegitation,1,0.01,NA,NA,NA,no
2016,4,3,1556,hap,1,1.65,NA,NA,NA,no
2016,4,3,1556,vegitation,1,0.01,NA,NA,NA,no
2016,4,5,1564,nile perch,1,0.1,NA,NA,NA,no
2016,4,5,1567,diptera larvae,175,0.42,NA,NA,NA,no
2016,3,8,1576,hap,2,3.56,4.2,1.3,NA,no
2016,3,8,1582,hap,1,0.29,NA,NA,NA,no
2016,3,8,1582,diptera larvae,30,0.03,NA,NA,NA,no
2016,3,8,1589,ephemeroptera larvae,12,0.28,NA,NA,NA,no
2016,3,8,1595,ephemeroptera larvae,4,0.04,NA,NA,NA,no
2016,3,8,1595,diptera larvae,25,0.02,NA,NA,NA,no
2016,3,8,1600,ephemeroptera larvae,3,0.07,NA,NA,NA,no
2016,3,8,1600,hap,1,0.04,NA,NA,NA,no
2016,1,11,1664,hap,3,2.1,NA,NA,NA,no
2016,1,11,1666,hap,1,0.44,NA,NA,NA,no
2016,1,11,1666,ephemeroptera larvae,5,0.02,NA,NA,NA,no
2016,1,11,1668,cichlid,1,0.17,NA,NA,NA,no
2016,1,11,1668,diptera,1,0.01,NA,NA,NA,no
2016,1,11,1673,hap,1,0.32,NA,0.7,NA,no
2016,1,11,1673,ephemeroptera larvae,6,0.12,NA,NA,NA,no
2016,1,11,1674,hap,6,1.08,2.1,0.7,NA,no
2016,11,11,1679,nile perch,1,0.04,NA,NA,NA,no
2016,11,11,1682,ufp,1,0.75,NA,NA,NA,no
2016,11,11,1682,hap,1,5.11,NA,NA,NA,no
2016,11,11,1682,cichlid,1,0.24,NA,NA,NA,no
2016,11,11,1682,vegitation,1,0.05,NA,NA,NA,no
2016,11,11,1683,ufp,1,0.06,NA,NA,NA,no
2016,11,22,1685,ephemeroptera larvae,5,0.06,NA,NA,NA,no
2016,11,22,1686,ephemeroptera larvae,19,0.08,NA,NA,NA,no
2016,11,22,1686,ufp,1,0.01,NA,NA,NA,no
2016,11,22,1687,hap,1,8.1,6.4,2.2,NA,no
2016,11,22,1689,diptera pupae,5,0.01,NA,NA,NA,no
2016,11,22,1689,diptera larvae,2,0.01,NA,NA,NA,no
2016,11,22,1696,ephemeroptera larvae,38,0.51,NA,NA,NA,no
2016,11,23,1699,hap,1,0.2,NA,NA,NA,no
2016,11,23,1702,hap,1,2.1,NA,NA,NA,no
2016,11,24,1705,cichlid,1,0.12,NA,NA,NA,no
2016,11,25,1710,hap,2,0.82,NA,NA,NA,no
2016,11,25,1710,ufp,1,0.13,NA,NA,NA,no
2016,11,25,1714,diptera pupae,24,0.05,NA,NA,NA,no
2016,11,25,1714,ephemeroptera larvae,2,0.07,NA,NA,NA,no
2016,11,25,1716,hap,1,0.61,NA,NA,NA,no
2016,11,25,1716,uip,1,0.01,NA,NA,NA,no
2016,12,15,1720,ephemeroptera larvae,1,0.01,NA,NA,NA,no
2016,12,15,1720,hap,1,0.12,NA,NA,NA,no
2016,12,15,1722,hap,1,0.11,NA,NA,NA,no
2016,12,15,1722,cichlid,1,0.06,NA,NA,NA,no
2016,12,16,1726,ephemeroptera larvae,3,0.06,NA,NA,NA,no
2016,12,16,1729,ephemeroptera larvae,62,1.71,NA,NA,NA,no
2016,12,17,1739,hap,1,0.3,NA,NA,NA,no
2016,12,17,1741,diptera pupae,7,0.02,NA,NA,NA,no
2016,12,17,1741,tilapiine cichlid,1,0.16,NA,NA,NA,no
2016,12,17,1741,hap,1,0.51,NA,NA,NA,no
2016,12,17,1741,cichlid,1,0.06,NA,NA,NA,no
2016,12,17,1743,diptera larvae,262,0.37,NA,NA,NA,no
2017,1,18,1758,ephemeroptera larvae,2,0.03,NA,NA,NA,no
2017,1,18,1758,hap,1,0.31,NA,NA,NA,no
2017,1,18,1758,ufp,1,0.16,NA,NA,NA,no
2017,1,18,1758,vegitation,1,0.05,NA,NA,NA,no
2017,1,18,1760,ephemeroptera larvae,9,0.22,NA,NA,NA,no
2017,1,18,1760,hap,1,0.41,NA,NA,NA,no
2017,1,18,1761,hap,2,0.09,NA,NA,NA,no
2017,1,18,1761,leech,2,0.13,NA,NA,NA,no
2017,1,18,1761,ants,1,0.01,NA,NA,NA,no
2017,1,18,1761,ephemeroptera larvae,2,0.07,NA,NA,NA,no
2017,1,18,1761,diptera pupae,5,0.02,NA,NA,NA,no
2017,1,18,1761,diptera larvae,3,0.01,NA,NA,NA,no
2017,1,18,1767,ephemeroptera larvae,1,0.03,NA,NA,NA,no
2017,1,18,1767,diptera pupae,3,0.02,NA,NA,NA,no
2017,1,18,1768,leech,4,0.13,NA,NA,NA,no
2017,1,18,1768,diptera larvae,1,0.01,NA,NA,NA,no
2017,1,18,1769,hap,1,0.24,1.9,0.7,NA,no
2017,1,18,1769,cichlid,1,0.25,NA,NA,NA,no
2017,1,18,1769,vegitation,1,0.01,NA,NA,NA,no
2017,1,19,1782,diptera larvae,20,0.03,NA,NA,NA,no
2017,1,19,1782,diptera pupae,17,0.05,NA,NA,NA,no
2017,1,19,1785,diptera pupae,478,2.62,NA,NA,NA,no
2017,1,19,1785,odonata larvae,1,0.1,NA,NA,NA,no
2017,1,19,1785,ufp,1,0.03,NA,NA,NA,no
2017,1,19,1785,diptera larvae,1,0.01,NA,NA,NA,no
2017,1,23,1789,barbus,1,1.02,NA,NA,NA,no
2017,1,23,1791,diptera pupae,2,0.01,NA,NA,NA,no
2017,1,23,1791,hap,1,0.06,NA,NA,NA,no
2017,1,23,1791,ufp,1,0.04,NA,NA,NA,no
2017,1,23,1793,ufp,1,0.39,NA,NA,NA,no
2017,1,23,1793,hap,4,3.24,NA,NA,NA,no
2017,1,23,1793,diptera larvae,1,0.01,NA,NA,NA,no
2017,1,23,1798,hap,1,0.29,NA,NA,NA,no
2017,1,23,1798,diptera pupae,1,0.01,NA,NA,NA,no
2016,1,14,1806,nile perch,1,3.96,6,1.7,NA,no
2016,2,8,1810,ephemeroptera larvae,11,0.21,NA,NA,NA,no
2016,2,8,1810,vegitation,1,0.01,NA,NA,NA,no
2016,2,8,1812,ephemeroptera larvae,3,0.02,NA,NA,NA,no
2016,2,8,1821,ephemeroptera larvae,18,0.42,NA,NA,NA,no
2016,2,8,1824,ephemeroptera larvae,15,0.54,NA,NA,NA,no
2016,2,8,1825,ephemeroptera larvae,12,0.35,NA,NA,NA,no
2016,1,11,1834,hap,1,6.12,NA,NA,NA,no
2016,1,11,1835,hap,1,0.37,NA,NA,NA,no
2016,1,11,1838,ephemeroptera larvae,7,0.11,NA,NA,NA,no
2016,1,11,1838,vegitation,1,0.01,NA,NA,NA,no
2016,1,12,1847,ephemeroptera larvae,9,0.05,NA,NA,NA,no
2016,1,12,1847,odonata larvae,1,0.01,NA,NA,NA,no
2016,1,12,1856,nile perch,2,4.99,5,1.7,NA,no
2016,1,13,1861,odonata larvae,1,0.07,NA,NA,NA,no
2016,1,13,1866,hap,2,0.27,NA,NA,NA,no
2016,1,13,1867,hap,2,0.4,NA,NA,NA,no
2016,1,13,1867,cichlid,2,0.29,NA,NA,NA,no
2016,1,13,1867,odonata larvae,1,0.03,NA,NA,NA,no
2016,1,14,1872,hap,2,0.65,2.6,0.9,NA,no
2016,1,14,1873,hap,2,3.72,NA,NA,NA,no
2016,2,14,1901,hap,1,1.35,NA,NA,NA,no
2016,2,14,1902,hap,1,0.16,NA,NA,NA,no
2016,2,14,1902,diptera larvae,80,0.13,NA,NA,NA,no
2016,2,14,1904,nile perch,1,0.13,NA,NA,NA,no
2016,2,14,1904,hap,1,0.27,NA,NA,NA,no
2016,3,8,1908,diptera pupae,1,0.01,NA,NA,NA,no
2016,3,8,1908,ephemeroptera larvae,25,0.45,NA,NA,NA,no
2016,3,8,1908,vegitation,1,0.01,NA,NA,NA,no
2016,3,8,1911,vegitation,1,0.01,NA,NA,NA,no
2016,3,8,1911,ephemeroptera larvae,29,0.45,NA,NA,NA,no
2016,3,8,1920,hap,1,5.5,NA,NA,NA,no
2016,3,8,1920,odonata larvae,1,0.18,NA,NA,NA,no
2016,3,8,1924,ephemeroptera larvae,1,0.02,NA,NA,NA,no
2016,3,8,1925,ephemeroptera larvae,25,0.6,NA,NA,NA,no
2016,11,8,1928,ephemeroptera larvae,11,0.03,NA,NA,NA,no
2016,11,8,1928,hap,2,0.13,NA,NA,NA,no
2016,11,8,1930,leech,10,0.22,NA,NA,NA,no
2016,11,8,1930,tilapiine cichlid,1,0.25,2,NA,NA,no
2016,11,8,1930,ephemeroptera larvae,8,0.18,NA,NA,NA,no
2016,11,8,1930,uip,1,0.08,NA,NA,NA,no
2016,11,8,1934,ephemeroptera larvae,7,0.2,NA,NA,NA,no
2016,11,9,1936,ephemeroptera larvae,5,0.1,NA,NA,NA,no
2016,11,9,1936,diptera larvae,7,0.03,NA,NA,NA,no
2016,11,9,1936,ufp,1,0.01,NA,NA,NA,no
2016,11,9,1940,odonata larvae,2,0.39,NA,NA,NA,no
2016,11,9,1940,ephemeroptera larvae,6,0.15,NA,NA,NA,no
2016,11,9,1940,diptera pupae,3,0.01,NA,NA,NA,no
2016,11,9,1940,diptera larvae,1,0.01,NA,NA,NA,no
2016,11,10,1944,hap,1,0.17,NA,NA,NA,no
2016,11,10,1945,hap,2,8.5,6.1,2.1,NA,no
2016,11,10,1945,ufp,1,0.01,NA,NA,NA,no
2016,11,11,1950,rocks,7,0.01,NA,NA,NA,no
2016,11,11,1950,diptera larvae,5,0.01,NA,NA,NA,no
2016,11,11,1950,vegitation,1,0.01,NA,NA,NA,no
2016,11,11,1950,hap,1,0.11,NA,NA,NA,no
2016,11,11,1950,cichlid,1,0.07,NA,NA,NA,no
2016,9,23,1952,ephemeroptera larvae,7,0.17,NA,NA,NA,no
2016,9,23,1953,ufp,1,1.43,NA,NA,NA,no
2016,9,23,1954,hap,1,0.38,NA,NA,NA,no
2016,9,23,1954,vegitation,1,0.01,NA,NA,NA,no
2016,9,22,1962,ephemeroptera larvae,3,0.01,NA,NA,NA,no
2016,9,22,1962,diptera larvae,1,0.01,NA,NA,NA,no
2016,9,22,1962,nile perch,1,0.11,NA,NA,NA,no
2016,9,22,1962,ufp,2,0.11,NA,NA,NA,no
2016,9,22,1962,hap,6,0.47,NA,NA,NA,no
2016,9,22,1963,hap,1,0.42,NA,NA,NA,no
2016,9,22,1963,vegitation,1,0.01,NA,NA,NA,no
2016,9,21,1972,leech,3,0.11,NA,NA,NA,no
2016,9,21,1972,unidentified,1,0.04,NA,NA,NA,no
2016,8,27,13436,barbus,1,0.41,NA,NA,NA,no
2017,6,14,68,hap,1,6.39,NA,NA,NA,yes
2017,6,14,68,vegitation,1,0.002,NA,NA,NA,yes
2017,6,14,68,ephemeroptera larvae,3,0.1,NA,NA,NA,yes
2017,6,14,69,hap,1,6.09,5.6,2,NA,yes
2017,6,14,69,cichlid,1,0.27,NA,NA,NA,yes
2017,6,14,70,ephemeroptera larvae,11,0.23,NA,NA,NA,yes
2017,6,14,70,uip,2,0.003,NA,NA,NA,yes
2017,6,14,74,ephemeroptera larvae,2,0.06,NA,NA,NA,yes
2017,6,15,78,ephemeroptera larvae,13,0.14,NA,NA,NA,yes
2017,6,15,79,hap,1,2.05,NA,NA,NA,yes
2017,6,15,79,cichlid,1,0.72,NA,NA,NA,yes
2017,6,15,82,hap,1,2,3.9,1.9,NA,yes
2017,6,15,82,vegitation,1,0.18,NA,NA,NA,yes
2017,6,15,84,ephemeroptera larvae,3,0.08,NA,NA,NA,yes
2017,6,15,84,chironomid larvae,9,0.01,NA,NA,NA,yes
2017,6,15,84,ufp,4,0.1,NA,NA,NA,yes
2017,6,15,84,unidentified,1,0.05,NA,NA,NA,yes
2017,6,15,84,vegitation,2,0.02,NA,NA,NA,yes
2017,6,15,85,diptera,1,0.02,NA,NA,NA,yes
2017,6,15,85,chaoborus larvae,1,0.001,NA,NA,NA,yes
2017,6,15,85,ephemeroptera larvae,4,0.07,NA,NA,NA,yes
2017,6,15,85,hap,1,0.52,NA,NA,NA,yes
2017,6,15,86,ephemeroptera larvae,6,0.05,NA,NA,NA,yes
2017,6,15,88,chironomid larvae,1,0.001,NA,NA,NA,yes
2017,6,15,88,cichlid,3,0.12,NA,NA,NA,yes
2017,6,15,94,nile perch,1,0.05,NA,NA,NA,yes
2017,6,15,94,ufp,1,0.05,NA,NA,NA,yes
2017,6,15,97,chironomid pupae,1,0.001,NA,NA,NA,yes
2017,6,15,97,chironomid larvae,1,0.001,NA,NA,NA,yes
2017,6,15,97,chaoborus larvae,211,0.24,NA,NA,NA,yes
2017,6,15,97,chaoborus larvae,14,0.01,NA,NA,NA,yes
2017,6,16,98,cichlid,1,0.39,NA,NA,NA,yes
2017,6,16,99,cichlid,1,0.06,NA,NA,NA,yes
2017,6,16,99,ufp,1,0.04,NA,NA,NA,yes
2017,6,17,108,hap,1,5.53,5.6,1.8,NA,yes
2016,7,26,1279,ephemeroptera larvae,125,2.6,NA,NA,NA,yes
2016,7,26,1279,leech,17,0.31,NA,NA,NA,yes
2018,6,5,377,hap,1,0.14,NA,NA,NA,yes
2018,6,5,521,ephemeroptera larvae,1,0.08,NA,NA,NA,yes
2018,6,5,522,hap,1,0.36,NA,NA,NA,yes
2018,6,5,524,ephemeroptera larvae,1,0.1,NA,NA,NA,yes
2018,6,5,525,nile perch,1,0.42,NA,NA,NA,yes
2018,6,5,525,ephemeroptera larvae,1,0.08,NA,NA,NA,yes
2018,6,6,526,ephemeroptera larvae,89,1.98,NA,NA,NA,yes
2018,6,6,529,mukene,2,2.19,NA,NA,NA,yes
2018,6,6,529,ufp,1,0.25,NA,NA,NA,yes
2018,6,6,530,ephemeroptera larvae,9,0.24,NA,NA,NA,yes
2018,6,6,532,ephemeroptera larvae,41,0.78,NA,NA,NA,yes
2018,6,6,532,chironomid larvae,1,0.01,NA,NA,NA,yes
2018,6,7,535,hap,1,1.87,4.3,1.43,NA,yes
2018,6,7,536,hap,6,7,NA,NA,NA,yes
2018,6,7,536,odonata larvae,1,0.37,NA,NA,NA,yes
2018,6,7,536,ufp,2,0.49,NA,NA,NA,yes
2018,7,3,546,ufp,2,1.5,NA,NA,NA,yes
2018,7,3,546,vegitation,1,0.07,NA,NA,NA,yes
2018,6,8,548,ephemeroptera larvae,55,1.43,NA,NA,NA,yes
2018,7,3,549,vegitation,1,0.23,NA,NA,NA,yes
2018,7,3,549,hap,1,1.41,NA,NA,NA,yes
2018,7,3,550,annelid worm,1,0.1,NA,NA,NA,yes
2018,7,4,555,hap,2,3.89,NA,NA,NA,yes
2018,7,6,561,hap,1,0.8,NA,NA,NA,yes
2018,7,6,565,hap,1,1.15,NA,NA,NA,yes
2018,7,6,565,ephemeroptera larvae,32,0.65,NA,NA,NA,yes
2018,7,31,566,hap,1,0.11,NA,NA,NA,yes
2018,7,31,566,annelid worm,5,0.46,NA,NA,NA,yes
2018,7,31,566,chironomid larvae,1,0.01,NA,NA,NA,yes
2018,7,31,566,chironomid pupae,1,0.01,NA,NA,NA,yes
2018,7,31,566,vegitation,1,0.17,NA,NA,NA,yes
2018,7,31,567,odonata larvae,4,2.95,NA,NA,NA,yes
2018,7,31,567,annelid worm,12,0.41,NA,NA,NA,yes
2018,7,31,569,ephemeroptera larvae,41,1.83,NA,NA,NA,yes
2018,7,31,570,annelid worm,28,2.06,NA,NA,NA,yes
2018,7,31,570,odonata larvae,2,0.62,NA,NA,NA,yes
2018,7,31,570,vegitation,1,0.06,NA,NA,NA,yes
2018,7,31,571,annelid worm,2,0.22,NA,NA,NA,yes
2018,8,1,576,annelid worm,2,0.03,NA,NA,NA,yes
2018,8,2,582,chironomid pupae,13,0.14,NA,NA,NA,yes
2018,8,2,582,chironomid,3,0.01,NA,NA,NA,yes
2018,8,2,583,hap,2,1.66,NA,NA,NA,yes
2018,8,2,583,ufp,1,0.03,NA,NA,NA,yes
2018,8,2,584,annelid worm,2,0.17,NA,NA,NA,yes
2018,8,2,584,ufp,1,0.02,NA,NA,NA,yes
2018,8,2,585,hap,1,0.29,NA,NA,NA,yes
2018,8,2,585,odonata larvae,1,0.08,NA,NA,NA,yes
2018,8,3,588,ephemeroptera larvae,48,1.52,NA,NA,NA,yes
2018,8,29,589,ephemeroptera larvae,5,0.11,NA,NA,NA,yes
2018,8,29,592,odonata larvae,8,1.41,NA,NA,NA,yes
2018,8,29,592,ufp,1,0.04,NA,NA,NA,yes
2018,8,30,593,unidentifed,1,0.01,NA,NA,NA,yes
2018,8,30,598,unidentifed,1,0.1,NA,NA,NA,yes
2018,9,1,599,mukene,9,2.68,NA,NA,NA,yes
2018,9,1,599,ufp,1,0.07,NA,NA,NA,yes
2018,9,1,600,mukene,5,2.02,NA,NA,NA,yes
2018,9,1,603,ufp,3,0.67,NA,NA,NA,yes
2018,9,1,603,hap,1,0.21,NA,NA,NA,yes
2018,9,2,605,hap,2,0.35,NA,NA,NA,yes
2018,12,15,613,hap,4,2.42,3.49,1.34,NA,yes
2018,12,15,613,ufp,1,0.24,NA,NA,NA,yes
2018,9,26,618,nile perch,1,1.72,NA,NA,NA,yes
2018,9,26,618,odonata larvae,1,0.86,NA,NA,NA,yes
2018,9,26,618,ephemeroptera larvae,2,0.01,NA,NA,NA,yes
2018,9,26,618,ufp,2,0.45,NA,NA,NA,yes
2018,9,26,619,empty,1,NA,NA,NA,NA,yes
2018,9,26,620,hap,2,0.14,NA,NA,NA,yes
2018,9,27,623,mukene,2,1.39,NA,NA,NA,yes
2018,9,27,623,ufp,2,0.52,NA,NA,NA,yes
2018,9,27,623,odonata larvae,2,1.3,NA,NA,NA,yes
2018,9,27,623,nile perch,1,1.36,NA,NA,NA,yes
2018,10,19,627,hap,1,0.39,NA,NA,NA,yes
2018,10,20,633,hap,1,1.29,NA,NA,NA,yes
2018,10,20,633,annelid worm,6,0.34,NA,NA,NA,yes
2018,10,20,633,chironomid larvae,1,0.01,NA,NA,NA,yes
2018,10,20,636,hap,3,1.84,NA,NA,NA,yes
2018,10,23,637,ufp,1,0.28,NA,NA,NA,yes
2018,10,23,640,hap,1,0.09,NA,NA,NA,yes
2018,10,24,642,hap,2,18.74,7.99,2.92,NA,yes
2018,10,24,642,ufp,1,0.13,NA,NA,NA,yes
2018,10,24,642,odonata larvae,1,0.03,NA,NA,NA,yes
2018,10,24,642,vegitation,1,0.02,NA,NA,NA,yes
2018,11,14,664,odonata larvae,2,0.5,1.88,0.6,NA,yes
2018,11,14,664,ufp,1,0.02,NA,NA,NA,yes
2018,11,14,648,hap,1,1.37,NA,NA,NA,yes
2018,11,14,648,ufp,2,0.36,NA,NA,NA,yes
2018,11,14,650,ephemeroptera larvae,114,3.75,NA,NA,NA,yes
2018,11,14,650,chironomid pupae,1,0.02,NA,NA,NA,yes
2018,11,14,652,odonata larvae,6,3.45,NA,NA,NA,yes
2018,11,14,654,hap,3,8.87,NA,NA,NA,yes
2018,11,14,655,odonata larvae,14,11.88,NA,NA,NA,yes
2018,11,14,656,odonata larvae,14,10.05,NA,NA,NA,yes
2018,11,14,656,tilapiine cichlid,1,0.18,NA,NA,NA,yes
2018,11,14,658,mastacembelus,1,1.33,NA,NA,NA,yes
2018,11,14,658,odonata larvae,1,0.36,NA,NA,NA,yes
2018,11,14,658,ufp,1,0.69,NA,NA,NA,yes
2018,11,14,668,ephemeroptera larvae,30,0.57,NA,NA,NA,yes
2018,11,14,668,hap,1,1.02,NA,NA,NA,yes
2018,11,14,669,ufp,2,0.49,NA,NA,NA,yes
2018,11,14,669,ephemeroptera larvae,1,0.01,NA,NA,NA,yes
2018,11,14,670,odonata larvae,1,0.56,2.11,0.8,NA,yes
2018,11,15,674,ephemeroptera larvae,16,1.32,NA,NA,NA,yes
2018,11,15,674,annelid worm,5,0.11,NA,NA,NA,yes
2018,11,15,675,mukene,2,2.02,4.32,1.19,NA,yes
2018,11,15,678,mukene,1,0.69,NA,NA,NA,yes
2018,11,15,678,ufp,1,0.23,NA,NA,NA,yes
2018,11,16,680,nile perch,1,0.17,NA,NA,NA,yes
2018,11,16,680,ufp,1,0.09,NA,NA,NA,yes
2018,11,16,680,chironomid larvae,6,0.01,NA,NA,NA,yes
2018,11,17,683,hap,1,0.45,NA,NA,NA,yes
2018,11,17,684,barbus,1,0.53,NA,NA,NA,yes
2018,11,17,684,nile perch,4,0.7,NA,NA,NA,yes
2018,11,17,684,ufp,6,0.51,NA,NA,NA,yes
2018,11,17,685,ufp,12,0.72,NA,NA,NA,yes
2018,11,17,685,mukene,2,0.53,NA,NA,NA,yes
2018,11,17,685,chironomid larvae,4,0.01,NA,NA,NA,yes
2018,11,17,687,nile perch,2,2.07,NA,NA,NA,yes
2018,11,17,688,ufp,1,0.07,NA,NA,NA,yes
2018,11,17,688,ephemeroptera larvae,1,0.01,NA,NA,NA,yes
2018,12,12,693,hap,1,1.22,NA,NA,NA,yes
2018,12,12,694,hap,1,1.35,NA,NA,NA,yes
2018,12,13,697,mukene,2,0.78,NA,NA,NA,yes
2018,12,13,697,nile perch,1,0.56,3.01,0.89,NA,yes
2018,12,13,697,hap,1,0.32,NA,NA,NA,yes
2018,12,13,697,ufp,1,0.16,NA,NA,NA,yes
2018,12,13,697,ants,10,0.01,NA,NA,NA,yes
2018,12,13,698,hap,1,3.91,5.26,1.89,NA,yes
2018,12,13,698,ufp,1,0.55,NA,NA,NA,yes
2018,12,13,701,ephemeroptera larvae,10,0.1,NA,NA,NA,yes
2018,12,13,702,ephemeroptera larvae,30,1.11,NA,NA,NA,yes
2018,12,13,704,nile perch,2,2.11,NA,NA,NA,yes
2018,12,13,704,ufp,5,0.47,NA,NA,NA,yes
2018,12,13,704,chironomid larvae,3,0.02,NA,NA,NA,yes
2018,12,13,705,ufp,1,1.08,NA,NA,NA,yes
2018,12,13,706,ufp,3,0.74,NA,NA,NA,yes
2018,12,14,708,ufp,1,0.11,NA,NA,NA,yes
2018,12,15,711,hap,1,2.52,NA,NA,NA,yes
2018,12,15,711,odonata larvae,1,0.49,NA,NA,NA,yes
2018,12,15,711,ufp,3,0.89,NA,NA,NA,yes
2018,12,15,711,annelid worm,1,0.13,NA,NA,NA,yes
2018,12,15,712,hap,3,3.91,3.92,1.33,NA,yes
2018,12,15,712,odonata larvae,1,0.64,NA,NA,NA,yes
2018,12,15,715,odonata larvae,1,0.25,NA,NA,NA,yes
2019,1,9,719,hap,1,0.28,NA,NA,NA,yes
2019,1,9,723,odonata larvae,12,5.83,NA,NA,NA,yes
2019,1,9,725,hap,3,11.03,NA,NA,NA,yes
2019,1,9,725,ufp,1,0.73,NA,NA,NA,yes
2019,1,9,726,hap,4,14.2,5.96,1.92,NA,yes
2019,1,9,727,mukene,1,0.45,NA,NA,NA,yes
2018,1,9,730,mukene,21,9.46,3.9,0.99,NA,yes
2018,1,9,730,ufp,1,0.46,NA,NA,NA,yes
2019,1,9,731,ufp,1,0.67,NA,NA,NA,yes
2019,1,9,731,hap,1,11.27,NA,NA,NA,yes
2019,1,10,737,hap,3,12.99,NA,NA,NA,yes
2019,1,10,745,hap,1,2.62,NA,NA,NA,yes
2019,1,10,747,hap,3,15.49,NA,NA,NA,yes
2019,1,10,747,unidentifed,1,0.35,NA,NA,NA,yes
2019,1,11,752,mukene,8,3.45,NA,NA,NA,yes
2019,1,11,752,ufp,1,0.04,NA,NA,NA,yes
2019,1,11,752,odonata larvae,2,1.12,NA,NA,NA,yes
2019,1,11,754,mukene,2,0.92,NA,NA,NA,yes
2019,1,11,754,ufp,2,0.31,NA,NA,NA,yes
2019,1,12,757,ephemeroptera larvae,10,0.44,NA,NA,NA,yes
2019,1,12,758,odonata larvae,1,0.15,NA,NA,NA,yes
2019,1,12,759,ufp,1,0.03,NA,NA,NA,yes
2019,1,12,759,nile perch,1,0.35,NA,NA,NA,yes
2019,1,12,761,odonata larvae,1,0.8,NA,NA,NA,yes
2019,1,12,761,ufp,1,0.78,NA,NA,NA,yes
2019,1,11,763,odonata larvae,9,3.3,NA,NA,NA,yes
2019,1,12,764,ephemeroptera larvae,6,0.17,NA,NA,NA,yes
2016,7,29,1385,unidentified,1,NA,NA,NA,NA,yes
2016,3,11,1484,hap,3,0.47,NA,NA,NA,yes
2016,2,10,1540,ufp,1,0.15,NA,NA,NA,yes
2016,2,10,1540,cichlid,1,0.04,NA,NA,NA,yes
2016,1,11,1672,cichlid,4,0.15,NA,NA,NA,yes
2016,11,11,1683,nile perch,2,0.56,NA,NA,NA,yes
2016,12,15,1720,ufp,1,0.27,NA,NA,NA,yes
2016,12,15,1720,barbus,1,0.29,NA,NA,NA,yes
2016,12,16,1727,hap,3,0.135,NA,NA,NA,yes
2016,12,16,1727,cichlid,1,0.025,NA,NA,NA,yes
2017,1,18,1761,cichlid,3,0.16,NA,NA,NA,yes
2016,1,13,1861,cichlid,1,0.14,NA,NA,NA,yes
2016,1,14,1872,vegitation,1,0.02,NA,NA,NA,yes
2012,9,5,275,chironomid larvae,2,0.01,NA,NA,NA,yes
2012,6,7,899,hap,2,0.16,NA,NA,DDB,yes
2012,6,7,899,chironomid larvae,1,0.01,NA,NA,NA,yes
2012,6,7,955,hap,1,1.78,NA,NA,Luwafu Landing,yes
2012,6,7,956,chironomid larvae,199,0.14,NA,NA,NA,yes
2012,6,7,953,ufp,1,0.06,NA,NA,DDB,yes
2012,6,7,953,chironomid larvae,1,0.01,NA,NA,NA,yes
2012,6,7,953,diptera larvae,7,0.15,NA,NA,NA,yes
2012,6,8,957,ufp,1,1.43,NA,NA,NA,yes
2012,6,8,957,hap,1,1.67,NA,NA,NA,yes
2012,6,8,957,vegitation,1,0.05,NA,NA,NA,yes
2012,6,9,966,hap,1,1.25,NA,NA,NA,yes
2012,6,9,966,ufp,1,0.24,NA,NA,NA,yes
2012,6,9,966,ephemeroptera larvae,35,1.12,NA,NA,NA,yes
2012,6,9,962,hap,1,1.84,4.5,1.5,NA,yes
2012,6,9,960,nile perch,2,0.15,NA,NA,NA,yes
2015,5,5,382,hap,1,0.71,NA,NA,NA,yes
2013,11,1,673,hap,1,0.31,NA,NA,NA,yes
2013,11,1,673,ufp,1,0.04,NA,NA,NA,yes
2013,11,1,671,hap,6,6.55,NA,NA,NA,yes
2013,11,1,671,ufp,1,0.39,NA,NA,NA,yes
2013,10,30,651,nile perch,2,4.03,NA,NA,NA,yes
2013,11,2,682,hap,2,4.15,4.6,1.6,NA,yes
2013,11,2,680,hap,1,3.04,5.2,1.6,NA,yes
2013,11,2,680,ufp,1,0.33,NA,NA,NA,yes
2013,11,2,688,hap,1,0.07,NA,NA,NA,yes
2013,11,2,683,hap,3,2.52,NA,NA,NA,yes
2013,11,2,681,hap,3,3.21,3.8,1.2,NA,yes
2013,11,2,681,ufp,1,0.27,NA,NA,NA,yes
2013,11,2,686,ufp,1,0.03,NA,NA,NA,yes
2013,11,2,684,hap,3,0.57,NA,NA,NA,yes
2013,11,2,684,ufp,1,0.04,NA,NA,NA,yes
2013,10,31,669,mukene,1,0.38,NA,NA,NA,yes
2013,9,5,281,hap,1,2.09,NA,NA,NA,yes
2013,9,5,281,vegitation,2,0.03,NA,NA,NA,yes
2013,9,5,277,ufp,2,0.23,NA,NA,Lubria,yes
2013,8,6,298,chironomid larvae,2,0.01,NA,NA,NA,yes
2013,8,6,298,hap,1,0.02,NA,NA,NA,yes
2013,9,6,290,nile perch,1,0.37,NA,NA,NA,yes
2013,9,6,291,hap,1,1.4,NA,NA,Katoogo after lubria,yes
2013,9,6,291,nile perch,1,0.43,NA,NA,NA,yes
2013,9,6,291,ufp,2,0.24,NA,NA,NA,yes
2013,9,6,291,chironomid larvae,3,0.01,NA,NA,NA,yes
2013,9,6,296,hap,3,0.53,NA,NA,Katoogo after lubria,yes
2013,9,6,296,ephemeroptera larvae,1,0.01,NA,NA,NA,yes
2013,9,6,296,vegitation,1,0.01,NA,NA,NA,yes
2013,6,9,316,hap,3,12.33,NA,NA,NA,yes
2013,6,9,316,vegitation,1,0.08,NA,NA,NA,yes
2013,8,10,268,hap,1,0.71,NA,NA,NA,yes
2013,6,13,334,odonata larvae,1,0.23,NA,NA,NA,yes
2013,6,13,334,mukene,5,1.48,NA,NA,NA,yes
2013,6,13,334,ufp,6,0.41,NA,NA,NA,yes
2013,6,18,363,ufp,1,0.76,NA,NA,NA,yes
2013,10,24,607,hap,1,0.55,2.5,0.9,NA,yes
2013,10,25,526,hap,1,0.11,NA,NA,NA,yes
2013,10,25,526,ufp,1,0.01,NA,NA,NA,yes
2013,10,25,534,chironomid larvae,6,0.01,NA,NA,NA,yes
2013,10,25,534,ufp,1,0.01,NA,NA,NA,yes
2013,10,25,580,hap,1,5.65,5.9,1.9,NA,yes
2013,10,25,529,nile perch,1,0.17,NA,NA,NA,yes
2013,10,25,529,hap,1,0.11,NA,NA,NA,yes
2013,10,25,579,hap,2,3.35,4.55,1.5,NA,yes
2013,10,25,527,hap,1,0.78,NA,NA,NA,yes
2013,10,25,527,ufp,1,0.44,NA,NA,NA,yes
2013,10,25,583,hap,1,0.68,NA,NA,NA,yes
2013,10,25,582,hap,1,0.12,NA,NA,NA,yes
2013,10,25,532,hap,1,0.12,NA,NA,NA,yes
2013,10,25,532,chironomid pupae,2,0.01,NA,NA,NA,yes
2013,10,25,576,vegitation,1,0.02,NA,NA,NA,yes
2013,10,25,576,hap,4,2.5,NA,NA,NA,yes
2013,10,26,542,hap,1,3.38,5.2,1.6,NA,yes
2013,10,26,542,ufp,1,0.05,NA,NA,NA,yes
2013,10,26,541,hap,1,0.09,NA,NA,NA,yes
2013,10,26,544,ufp,1,0.43,NA,NA,NA,yes
2013,10,26,544,nile perch,1,4.61,NA,NA,NA,yes
2013,10,26,544,hap,3,1.77,NA,NA,NA,yes
2013,10,26,544,vegitation,2,0.18,NA,NA,NA,yes
2013,10,26,547,nile perch,1,0.75,NA,NA,NA,yes
2013,10,26,547,hap,1,1.3,NA,NA,NA,yes
2013,10,26,540,hap,1,5.89,NA,NA,NA,yes
2013,10,26,540,vegitation,2,0.53,NA,NA,NA,yes
2013,9,27,592,chironomid larvae,14,0.02,NA,NA,NA,yes
2013,9,27,597,hap,1,3.04,5,1.6,NA,yes
2013,9,27,597,ufp,1,0.01,NA,NA,NA,yes
2013,10,27,602,hap,1,0.46,NA,NA,NA,yes
2013,10,27,602,ufp,1,0.12,NA,NA,NA,yes
2013,10,27,608,hap,1,1,3.2,1.15,NA,yes
2013,10,27,605,hap,7,4.48,5.12,1.25,NA,yes
2013,10,27,605,ufp,1,0.02,NA,NA,NA,yes
2013,10,27,610,hap,1,1.29,NA,NA,NA,yes
2013,10,27,612,mukene,1,0.6,NA,NA,NA,yes
2013,10,27,612,ufp,2,0.41,NA,NA,NA,yes
2013,10,27,606,odonata larvae,1,0.13,NA,NA,NA,yes
2013,10,27,606,hap,4,2.97,NA,NA,NA,yes
2013,10,27,606,ufp,1,0.07,NA,NA,NA,yes
2013,10,27,601,hap,2,0.24,NA,NA,NA,yes
2013,9,28,586,ufp,2,0.19,NA,NA,NA,yes
2013,9,28,586,nile perch,1,0.19,NA,NA,NA,yes
2013,9,28,587,hap,1,3.1,NA,NA,NA,yes
2013,9,28,590,mukene,3,1.25,NA,NA,Kanya-Nab,yes
2013,10,28,623,chironomid larvae,2,0.01,NA,NA,NA,yes
2013,10,28,623,hap,2,0.18,NA,NA,NA,yes
2013,10,28,623,ufp,1,0.06,NA,NA,NA,yes
2013,10,28,628,barbus,1,0.2,NA,NA,NA,yes
2013,10,28,617,ufp,2,0.29,NA,NA,NA,yes
2013,10,28,617,chironomid larvae,2,0.02,NA,NA,NA,yes
2013,10,28,622,ufp,1,0.17,NA,NA,NA,yes
2013,10,28,625,nile perch,1,2.4,NA,NA,NA,yes
2013,10,28,625,hap,1,0.32,NA,NA,NA,yes
2013,10,28,621,hap,1,0.44,NA,NA,NA,yes
2013,10,28,619,hap,1,1.33,NA,NA,NA,yes
2013,10,28,619,ufp,1,0.19,NA,NA,NA,yes
2013,10,29,636,chironomid larvae,15,0.02,NA,NA,NA,yes
2013,10,29,636,hap,2,0.22,NA,NA,NA,yes
2013,10,29,641,ufp,1,0.12,NA,NA,NA,yes
2013,10,29,634,hap,2,0.61,NA,NA,NA,yes
2013,10,29,635,ufp,1,0.81,NA,NA,NA,yes
2013,10,29,632,mukene,1,0.42,NA,NA,NA,yes
2013,10,29,632,ufp,2,0.44,NA,NA,NA,yes
2013,11,3,692,ufp,1,0.06,NA,NA,NA,yes
2013,10,30,653,nile perch,2,3.38,NA,NA,NA,yes
2013,10,30,653,hap,1,1.59,NA,NA,NA,yes
2013,10,30,646,hap,1,0.1,NA,NA,NA,yes
2013,10,30,646,ufp,1,0.03,NA,NA,NA,yes
2013,11,1,674,ufp,1,0.04,NA,NA,NA,yes
2013,10,31,660,mukene,3,1.38,NA,NA,NA,yes
2013,10,31,660,vegitation,1,0.08,NA,NA,NA,yes
2013,10,31,667,hap,1,0.89,NA,NA,NA,yes
2013,10,31,655,ufp,1,0.38,NA,NA,NA,yes
2013,10,31,655,hap,4,2.2,NA,NA,NA,yes
2013,10,31,655,vegitation,1,0.06,NA,NA,NA,yes
2013,10,31,654,vegitation,1,0.18,NA,NA,NA,yes
2013,10,31,654,hap,1,0.88,NA,NA,NA,yes
2013,10,31,654,ufp,1,0.37,NA,NA,NA,yes
2013,10,31,658,hap,2,0.28,NA,NA,NA,yes
2013,10,31,663,hap,6,4.2,NA,NA,NA,yes
2013,10,31,663,ufp,1,0.12,NA,NA,NA,yes
2015,6,13,439,ephemeroptera larvae,30,0.45,NA,NA,NA,yes
2015,9,1,497,hap,1,0.32,NA,NA,NA,yes
2015,9,1,287,ephemeroptera larvae,1,0.03,NA,NA,NA,yes
2015,6,2,410,ephemeroptera larvae,8,0.11,NA,NA,NA,yes
2015,6,2,414,ufp,1,0.29,NA,NA,NA,yes
2015,6,2,414,odonata larvae,1,0.05,NA,NA,NA,yes
2015,6,2,414,vegitation,1,0.05,NA,NA,NA,yes
2015,6,2,414,ephemeroptera larvae,5,0.12,NA,NA,NA,yes
2015,6,2,412,ephemeroptera larvae,5,0.14,NA,NA,NA,yes
2015,6,2,412,chironomid larvae,2,0.01,NA,NA,NA,yes
2015,9,2,290,hap,1,0.07,NA,NA,NA,yes
2015,9,2,290,chironomid pupae,5,0.03,NA,NA,NA,yes
2015,9,2,290,chironomid larvae,6,0.02,NA,NA,NA,yes
2015,9,2,290,uip,7,0.01,NA,NA,NA,yes
2015,9,2,292,nile perch,1,0.5,NA,NA,NA,yes
2015,9,2,292,hap,2,1.02,NA,NA,NA,yes
2015,9,2,292,ufp,1,0.23,NA,NA,NA,yes
2015,9,2,292,chironomid larvae,2,0.01,NA,NA,NA,yes
2015,3,3,1094,hap,1,9.5,7.19,2.89,NA,yes
2015,6,3,421,chironomid larvae,2,0.01,NA,NA,NA,yes
2015,6,3,420,ufp,5,0.12,NA,NA,NA,yes
2015,6,3,420,chironomid larvae,4,0.01,NA,NA,NA,yes
2015,9,3,294,odonata larvae,1,0.05,NA,NA,NA,yes
2015,9,3,294,hap,1,0.05,NA,NA,NA,yes
2015,5,4,371,hap,1,0.54,2.5,1,NA,yes
2015,5,4,367,ufp,1,0.85,NA,NA,NA,yes
2015,6,4,428,chironomid larvae,1,0.01,NA,NA,NA,yes
2015,6,4,428,uip,1,0.05,NA,NA,NA,yes
2015,6,4,427,hap,1,1.01,NA,NA,NA,yes
2015,9,4,304,hap,1,0.2,NA,NA,NA,yes
2015,9,4,308,odonata larvae,1,0.06,NA,NA,NA,yes
2015,9,4,308,uip,2,0.01,NA,NA,NA,yes
2015,12,14,1633,vegitation,2,0.12,NA,NA,NA,yes
2015,5,5,373,ephemeroptera larvae,1,0.01,NA,NA,NA,yes
2015,5,5,373,vegitation,1,0.1,NA,NA,NA,yes
2015,5,5,373,clarias,1,1.36,NA,NA,NA,yes
2015,5,5,376,ufp,1,0.07,NA,NA,NA,yes
2015,5,5,305,hap,2,2.11,NA,NA,NA,yes
2015,6,5,437,ufp,1,0.05,NA,NA,NA,yes
2015,6,5,437,odonata larvae,1,0.02,NA,NA,NA,yes
2015,6,5,438,cichlid,1,0.16,NA,NA,NA,yes
2015,6,5,432,ufp,1,0.1,NA,NA,NA,yes
2015,6,5,432,uip,1,0.01,NA,NA,NA,yes
2015,4,8,1185,ephemeroptera larvae,1,0.07,NA,NA,NA,yes
2015,4,8,1185,chironomid larvae,3,0.02,NA,NA,NA,yes
2015,4,8,1185,vegitation,1,0.03,NA,NA,NA,yes
2015,4,8,341,mukene,1,0.58,NA,NA,NA,yes
2015,4,8,1184,chironomid larvae,2,0.01,NA,NA,NA,yes
2015,4,8,1184,vegitation,1,0.01,NA,NA,NA,yes
2015,4,8,1187,hap,1,1.28,NA,NA,NA,yes
2015,4,8,1182,ufp,1,0.08,NA,NA,NA,yes
2015,4,9,341,hap,1,1.46,3.7,1.29,NA,yes
2015,4,11,359,hap,1,0.92,NA,NA,NA,yes
2015,4,9,332,chironomid larvae,2,0.01,NA,NA,NA,yes
2015,4,9,337,mukene,1,0.77,NA,NA,NA,yes
2015,3,10,1989,ufp,1,0.1,NA,NA,NA,yes
2015,3,10,1991,ufp,3,0.45,NA,NA,NA,yes
2015,3,10,1991,chironomid larvae,1,0.01,NA,NA,NA,yes
2015,3,10,1991,ephemeroptera larvae,11,0.02,NA,NA,NA,yes
2015,3,10,1996,chironomid larvae,1,0.01,NA,NA,NA,yes
2015,3,10,1996,hap,4,2.17,NA,NA,NA,yes
2015,3,10,1996,ufp,1,0.14,NA,NA,NA,yes
2015,3,10,1990,hap,1,0.19,NA,NA,NA,yes
2015,3,10,1990,ephemeroptera larvae,40,1.39,NA,NA,NA,yes
2015,4,10,345,ufp,1,0.05,NA,NA,NA,yes
2015,4,10,343,hap,1,0.9,NA,NA,NA,yes
2015,3,11,1068,mukene,2,2.2,NA,NA,NA,yes
2015,3,11,1068,hap,2,0.25,NA,NA,NA,yes
2015,3,11,1068,ufp,1,0.31,NA,NA,NA,yes
2015,3,11,1068,chironomid larvae,2,0.02,NA,NA,NA,yes
2015,3,11,1071,hap,1,1.46,3.49,1.32,NA,yes
2015,3,11,1073,ufp,1,0.33,NA,NA,NA,yes
2015,3,11,1073,mukene,1,0.94,NA,NA,NA,yes
2015,3,11,1073,chironomid larvae,2,0.02,NA,NA,NA,yes
2015,3,11,2000,hap,1,1.87,NA,NA,NA,yes
2015,3,11,2000,vegitation,1,0.03,NA,NA,NA,yes
2015,3,11,1074,hap,1,0.35,NA,NA,NA,yes
2015,3,11,1074,ufp,4,0.2,NA,NA,NA,yes
2015,3,11,1074,chironomid larvae,9,0.03,NA,NA,NA,yes
2015,3,11,1074,annelid worm,1,0.01,NA,NA,NA,yes
2015,4,11,350,hap,1,0.06,NA,NA,NA,yes
2015,4,11,358,mukene,1,0.34,NA,NA,NA,yes
2015,4,8,1185,hap,1,0.79,NA,NA,NA,yes
2015,4,11,359,ufp,1,0.87,NA,NA,NA,yes
2015,4,9,332,ephemeroptera larvae,1,0.02,NA,NA,NA,yes
2015,4,11,361,nile perch,1,0.2,NA,NA,NA,yes
2015,4,11,364,ufp,1,0.25,NA,NA,NA,yes
2015,4,11,364,hap,2,0.5,NA,NA,NA,yes
2015,4,11,351,hap,4,2.96,NA,NA,NA,yes
2015,4,11,353,ufp,1,0.05,NA,NA,NA,yes
2015,4,11,365,hap,3,2.9,NA,NA,NA,yes
2015,4,11,365,ufp,1,1.48,NA,NA,NA,yes
2015,4,11,352,hap,4,14.24,NA,NA,NA,yes
2015,4,11,352,chironomid larvae,3,0.04,NA,NA,NA,yes
2015,3,12,1081,chironomid larvae,30,0.11,NA,NA,NA,yes
2015,3,12,1081,ufp,5,0.3,NA,NA,NA,yes
2015,3,12,1062,clarias,2,1.53,NA,NA,NA,yes
2015,3,12,1062,ufp,1,0.02,NA,NA,NA,yes
2015,3,12,1062,odonata larvae,1,0.12,NA,NA,NA,yes
2015,3,12,1061,ufp,1,0.42,NA,NA,NA,yes
2015,3,12,1079,chironomid larvae,5,0.03,NA,NA,NA,yes
2015,3,12,1079,ufp,1,0.16,NA,NA,NA,yes
2015,3,12,1060,odonata larvae,2,0.43,NA,NA,NA,yes
2015,3,12,1060,hap,1,0.46,NA,NA,NA,yes
2015,5,12,388,chironomid larvae,1,0.01,NA,NA,NA,yes
2015,5,12,388,ufp,1,0.44,NA,NA,NA,yes
2015,5,12,387,hap,1,0.26,NA,NA,NA,yes
2015,5,12,387,nile perch,1,1.63,3.9,1.2,NA,yes
2015,5,12,390,hap,1,0.13,NA,NA,NA,yes
2015,3,13,1089,hap,2,10.03,6.47,2,NA,yes
2015,3,13,1091,hap,2,6.36,4.69,1.9,NA,yes
2015,3,13,1091,mukene,1,0.54,NA,NA,NA,yes
2015,3,13,1091,ephemeroptera larvae,1,0.01,NA,NA,NA,yes
2015,5,13,408,hap,2,0.85,NA,NA,NA,yes
2015,5,13,409,hap,1,0.18,NA,NA,NA,yes
2015,5,13,405,ufp,1,0.04,NA,NA,NA,yes
2015,5,13,406,nile perch,1,0.3,NA,NA,NA,yes
2015,5,13,406,hap,1,0.86,NA,NA,NA,yes
2015,5,13,406,ufp,2,0.21,NA,NA,NA,yes
2015,5,13,397,hap,1,0.51,NA,NA,NA,yes
2015,6,13,455,hap,1,2.21,NA,NA,NA,yes
2015,6,13,444,ephemeroptera larvae,7,0.18,NA,NA,NA,yes
2015,6,13,444,chironomid larvae,1,0.01,NA,NA,NA,yes
2015,6,13,456,hap,8,4.06,NA,NA,NA,yes
2015,6,13,456,ufp,2,0.22,NA,NA,NA,yes
2015,6,13,456,vegitation,1,0.01,NA,NA,NA,yes
2015,6,13,451,ufp,1,0.09,NA,NA,NA,yes
2015,6,13,450,chironomid pupae,20,0.05,NA,NA,NA,yes
2015,6,13,450,uip,8,0.01,NA,NA,NA,yes
2015,6,13,442,ephemeroptera larvae,4,0.09,NA,NA,NA,yes
2015,6,13,442,chironomid pupae,2,0.01,NA,NA,NA,yes
2015,6,13,448,ufp,1,0.11,NA,NA,NA,yes
2015,7,29,473,chironomid pupae,5,0.02,NA,NA,NA,yes
2015,6,13,452,hap,1,0.76,NA,NA,NA,yes
2015,6,13,452,ufp,1,1.08,NA,NA,NA,yes
2015,6,13,452,vegitation,2,0.36,NA,NA,NA,yes
2015,12,14,1634,hap,1,0.43,NA,NA,NA,yes
2015,12,16,1651,ufp,1,0.22,NA,NA,NA,yes
2015,12,14,1633,hap,2,1.65,NA,NA,NA,yes
2015,12,15,1642,ufp,1,0.04,NA,NA,NA,yes
2015,12,15,1642,hap,1,1.02,NA,NA,NA,yes
2015,12,15,1647,hap,4,0.28,NA,NA,NA,yes
2015,12,16,1654,ufp,2,0.09,NA,NA,NA,yes
2015,12,16,1654,chironomid larvae,91,0.12,NA,NA,NA,yes
2015,12,16,1651,hap,1,0.56,NA,NA,NA,yes
2015,12,17,1658,hap,1,1.48,NA,NA,NA,yes
2015,11,17,1371,ephemeroptera larvae,1,0.07,NA,NA,Pump House,yes
2015,11,17,1371,annelid worm,11,0.18,NA,NA,Pump House,yes
2015,11,17,1371,chironomid larvae,13,0.03,NA,NA,Pump House,yes
2015,12,17,1657,hap,1,0.93,NA,NA,NA,yes
2015,12,17,1657,vegitation,1,0.05,NA,NA,NA,yes
2015,12,17,1655,hap,2,1.27,NA,NA,NA,yes
2015,12,17,1655,ufp,2,0.32,NA,NA,NA,yes
2015,11,18,1603,hap,1,0.21,NA,NA,NA,yes
2015,11,18,1900,ephemeroptera larvae,10,0.13,NA,NA,NA,yes
2015,11,18,1900,chironomid larvae,8,0.03,NA,NA,NA,yes
2015,11,18,1604,hap,1,0.16,NA,NA,NA,yes
2015,11,18,1601,chironomid larvae,1,0.01,NA,NA,NA,yes
2015,11,18,1601,ephemeroptera larvae,4,0.06,NA,NA,NA,yes
2015,11,19,1615,ufp,1,0.09,NA,NA,NA,yes
2015,11,20,1623,hap,2,2.87,4.5,1.59,NA,yes
2015,11,20,1623,vegitation,1,0.02,NA,NA,NA,yes
2015,11,20,1624,hap,1,0.4,NA,NA,NA,yes
2015,11,20,1622,hap,1,0.2,NA,NA,NA,yes
2015,11,20,1625,hap,1,0.29,NA,NA,NA,yes
2015,11,20,1630,hap,1,0.4,NA,NA,NA,yes
2015,1,21,986,ephemeroptera larvae,2,0.02,NA,NA,NA,yes
2015,1,21,986,nile perch,1,2.02,NA,NA,NA,yes
2015,1,21,991,hap,1,0.89,NA,NA,NA,yes
2015,1,21,992,hap,1,1.49,NA,NA,NA,yes
2015,1,21,992,ufp,2,0.24,NA,NA,NA,yes
2015,1,21,992,ephemeroptera larvae,1,0.01,NA,NA,NA,yes
2015,1,21,977,hap,3,1.02,NA,NA,NA,yes
2015,1,21,977,ephemeroptera larvae,1,0.02,NA,NA,NA,yes
2015,1,21,987,hap,3,2.67,NA,NA,NA,yes
2015,1,21,987,ufp,1,0.52,NA,NA,NA,yes
2015,1,21,987,ephemeroptera larvae,1,0.01,NA,NA,NA,yes
2015,1,21,987,vegitation,1,0.14,NA,NA,NA,yes
2015,1,21,982,ephemeroptera larvae,54,0.97,NA,NA,NA,yes
2015,1,21,978,mukene,1,1.06,NA,NA,NA,yes
2015,1,21,990,mukene,1,0.53,NA,NA,NA,yes
2015,1,21,990,hap,1,2.76,NA,NA,NA,yes
2015,1,21,995,ufp,1,0.42,NA,NA,NA,yes
2015,1,21,995,hap,1,2.82,NA,NA,NA,yes
2015,1,21,983,hap,1,0.12,NA,NA,NA,yes
2015,1,21,983,ephemeroptera larvae,4,0.04,NA,NA,NA,yes
2015,1,21,973,ephemeroptera larvae,1,0.05,NA,NA,NA,yes
2015,1,21,973,hap,2,7.76,NA,NA,NA,yes
2015,1,21,986,hap,2,3.48,NA,NA,NA,yes
2015,1,21,986,ufp,1,0.38,NA,NA,NA,yes
2015,10,21,1344,ephemeroptera larvae,2,0.05,NA,NA,NA,yes
2015,10,21,1340,nile perch,1,0.47,NA,NA,NA,yes
2015,10,21,1337,ephemeroptera larvae,1,0.02,NA,NA,NA,yes
2015,10,21,1337,hap,2,3.79,NA,NA,NA,yes
2015,10,21,1337,vegitation,2,0.41,NA,NA,NA,yes
2015,10,21,1338,chironomid larvae,6,0.02,NA,NA,NA,yes
2015,10,21,1338,ephemeroptera larvae,3,0.08,NA,NA,NA,yes
2015,1,22,551,hap,2,2.58,NA,NA,NA,yes
2015,1,22,551,ufp,1,0.35,NA,NA,NA,yes
2015,1,22,551,odonata larvae,1,0.02,NA,NA,NA,yes
2015,1,22,999,ufp,1,0.08,NA,NA,NA,yes
2015,1,22,999,vegitation,1,0.01,NA,NA,NA,yes
2015,1,22,559,mukene,2,1.7,NA,NA,NA,yes
2015,1,22,559,ufp,1,0.07,NA,NA,NA,yes
2015,9,22,311,hap,4,4.23,NA,NA,NA,yes
2015,10,22,1355,nile perch,1,0.28,NA,NA,NA,yes
2015,10,22,1346,vegitation,2,0.18,NA,NA,NA,yes
2015,10,22,1348,chironomid larvae,8,0.06,NA,NA,NA,yes
2015,10,22,1351,ephemeroptera larvae,1,0.07,NA,NA,NA,yes
2015,10,22,1351,chironomid larvae,14,0.03,NA,NA,NA,yes
2015,1,23,570,ufp,1,0.11,NA,NA,NA,yes
2015,1,23,569,hap,1,0.22,NA,NA,NA,yes
2015,1,23,569,chironomid larvae,7,0.02,NA,NA,NA,yes
2015,9,23,316,odonata larvae,16,1.07,NA,NA,NA,yes
2015,9,23,316,vegitation,2,0.03,NA,NA,NA,yes
2015,9,23,314,ephemeroptera larvae,11,0.15,NA,NA,NA,yes
2015,9,23,321,annelid worm,1,0.04,NA,NA,NA,yes
2015,9,23,321,chironomid larvae,3,0.01,NA,NA,NA,yes
2015,9,23,318,hap,1,0.19,NA,NA,NA,yes
2015,9,23,318,nile perch,1,0.35,NA,NA,NA,yes
2015,9,23,319,ephemeroptera larvae,2,0.07,NA,NA,NA,yes
2015,9,23,319,chironomid larvae,66,0.23,NA,NA,NA,yes
2015,10,23,1360,hap,1,0.21,NA,NA,NA,yes
2015,10,23,1358,hap,1,0.82,NA,NA,NA,yes
2015,10,23,1361,ufp,1,0.13,NA,NA,NA,yes
2015,10,23,1361,hap,3,4.74,NA,NA,NA,yes
2015,1,24,572,hap,1,0.29,NA,NA,NA,yes
2015,1,24,572,ufp,2,0.32,NA,NA,NA,yes
2015,1,24,1987,ufp,1,0.12,NA,NA,NA,yes
2015,9,24,324,odonata larvae,1,0.08,NA,NA,NA,yes
2015,9,24,255,ufp,1,0.11,NA,NA,NA,yes
2015,9,24,323,hap,3,1.54,NA,NA,NA,yes
2015,9,24,323,ufp,1,0.36,NA,NA,NA,yes
2015,9,24,322,ephemeroptera larvae,6,0.06,NA,NA,NA,yes
2015,10,24,1366,chironomid larvae,17,0.03,NA,NA,NA,yes
2015,10,24,1364,chironomid larvae,3,0.02,NA,NA,NA,yes
2015,10,24,1364,ufp,1,0.11,NA,NA,NA,yes
2015,9,25,1336,hap,1,0.3,NA,NA,NA,yes
2015,9,25,1336,nile perch,1,0.17,NA,NA,NA,yes
2015,9,25,1336,ufp,1,0.14,NA,NA,NA,yes
2015,9,25,1336,ephemeroptera larvae,1,0.01,NA,NA,NA,yes
2015,9,25,1336,chironomid larvae,2,0.01,NA,NA,NA,yes
2015,9,25,1331,hap,1,0.12,NA,NA,NA,yes
2015,9,25,1328,hap,1,0.28,NA,NA,NA,yes
2015,7,29,470,ephemeroptera larvae,9,0.2,NA,NA,NA,yes
2015,7,29,470,chironomid larvae,1,0.01,NA,NA,NA,yes
2015,7,29,1196,hap,4,1.27,NA,NA,NA,yes
2015,7,29,1196,ufp,1,0.44,NA,NA,NA,yes
2015,7,29,476,ephemeroptera larvae,5,0.08,NA,NA,NA,yes
2015,8,1,495,uip,1,0.01,NA,NA,NA,yes
2015,7,29,473,ephemeroptera larvae,4,0.13,NA,NA,NA,yes
2015,7,29,1191,ephemeroptera larvae,10,0.1,NA,NA,NA,yes
2015,7,29,1191,chironomid larvae,2,0.01,NA,NA,NA,yes
2015,7,29,468,chironomid larvae,4,0.06,NA,NA,Ants on stomach exterior,yes
2015,7,29,1197,chironomid larvae,10,0.04,NA,NA,NA,yes
2015,7,29,1197,ephemeroptera larvae,1,0.02,NA,NA,NA,yes
2015,7,29,1199,hap,1,1.12,NA,NA,NA,yes
2015,7,29,481,hap,1,0.07,NA,NA,NA,yes
2015,7,29,474,chironomid larvae,27,0.12,NA,NA,NA,yes
2015,7,29,474,ephemeroptera larvae,4,0.07,NA,NA,NA,yes
2018,11,14,644,odonata larvae,2,0.5,1.88,0.6,Pump House,yes
2018,11,14,644,ufp,1,0.02,NA,NA,Pump House,yes
2018,4,10,486,ufp,NA,0.05,NA,NA,NA,yes
2018,1,17,400,uip,NA,0.07,NA,NA,NA,yes
2018,1,20,427,ufp,NA,0.7,NA,NA,NA,yes
2010,1,20,1756,ufp,1,1.37,NA,NA,NA,yes
2010,1,20,1780,vegitation,2,0.48,NA,NA,NA,yes
2010,1,20,1780,ufp,1,0.92,NA,NA,NA,yes
2009,12,22,1713,hap,1,0.51,3,0.7,NA,yes
2009,12,20,1682,cichlid,1,0.88,NA,NA,NA,yes
2010,1,19,1741,ephemeroptera larvae,14,0.31,NA,NA,NA,yes
2010,1,20,1755,ephemeroptera larvae,1,0.002,NA,NA,NA,yes
2010,1,20,1755,chironomid pupae,6,0.02,NA,NA,NA,yes
2010,1,22,1812,hap,2,0.72,NA,NA,NA,yes
2010,1,22,1812,ephemeroptera larvae,1,0.001,NA,NA,NA,yes
2010,1,22,1812,ufp,1,0.005,NA,NA,NA,yes
2009,12,20,1685,clarias,1,0.06,NA,NA,blue fibers found,yes
2009,12,20,1685,hap,1,0.2,NA,NA,NA,yes
2010,1,19,1729,chironomid larvae,1,0.001,NA,NA,NA,yes
2010,1,19,1729,annelid worm,2,0.31,NA,NA,NA,yes
2010,1,21,1793,odonata larvae,1,0.18,NA,NA,NA,yes
2010,1,20,1791,chironomid larvae,10,0.005,NA,NA,NA,yes
2010,1,20,1791,chaoborus larvae,6,0.002,NA,NA,NA,yes
2010,1,20,1791,ephemeroptera larvae,2,0.004,NA,NA,NA,yes
2010,1,20,1788,vegitation,1,0.001,NA,NA,NA,yes
2010,1,20,1788,ephemeroptera larvae,12,0.37,NA,NA,NA,yes
2010,1,19,1725,ephemeroptera larvae,3,0.02,NA,NA,NA,yes
2010,1,19,1725,chaoborus larvae,2,0.002,NA,NA,NA,yes
2010,1,21,1797,ufp,1,0.09,NA,NA,NA,yes
2009,12,20,1684,vegitation,1,0.38,NA,NA,NA,yes
2009,12,20,1684,hap,1,2.03,NA,NA,NA,yes
2009,12,20,1684,ufp,1,0.06,NA,NA,NA,yes
2010,1,20,1771,barbus,3,2.33,NA,NA,NA,yes
2010,1,20,1771,hap,2,3.36,NA,NA,NA,yes
2009,12,20,1680,hap,4,1.03,NA,NA,NA,yes
2009,12,20,1680,vegitation,1,0.07,NA,NA,NA,yes
2010,1,19,1742,ephemeroptera larvae,2,0.001,NA,NA,NA,yes
2010,1,19,1742,chironomid pupae,3,0.02,NA,NA,NA,yes
2009,11,23,1613,hap,1,3.2,NA,NA,NA,yes
2010,1,20,1781,hap,1,3.97,5,1.8,NA,yes
2010,1,20,1781,vegitation,1,0.02,NA,NA,NA,yes
2009,12,22,1708,ufp,1,0.37,NA,NA,NA,yes
2010,1,19,1732,annelid worm,2,0.37,NA,NA,NA,yes
2010,1,19,1732,chironomid pupae,3,0.01,NA,NA,NA,yes
2010,1,19,1732,ephemeroptera larvae,1,0.001,NA,NA,NA,yes
2010,1,20,1783,ephemeroptera larvae,20,0.3,NA,NA,NA,yes
2010,1,21,1801,nile perch,1,0.29,NA,NA,"could be tag 1807 but much more likely 1801, check stomach fullness",yes
2010,1,21,1801,ephemeroptera larvae,1,0.001,NA,NA,NA,yes
2009,12,20,1699,ufp,1,0.001,NA,NA,NA,yes
2009,12,20,1699,annelid worm,1,0.08,NA,NA,NA,yes
2009,12,20,1699,chironomid larvae,1,0.001,NA,NA,NA,yes
2010,1,19,1745,ephemeroptera larvae,3,0.03,NA,NA,NA,yes
2010,1,19,1745,ufp,1,0.07,NA,NA,NA,yes
2010,1,20,1775,hap,1,0.34,2.1,0.7,NA,yes
2010,1,21,1799,odonata larvae,1,0.09,NA,NA,NA,yes
2010,1,21,1799,ephemeroptera larvae,2,0.01,NA,NA,NA,yes
2010,1,19,1748,chironomid larvae,1,0.001,NA,NA,NA,yes
2010,1,19,1748,chironomid pupae,3,0.01,NA,NA,NA,yes
2010,1,19,1748,hap,1,0.12,NA,NA,NA,yes
2010,1,19,1740,uip,1,0.005,NA,NA,NA,yes
2009,12,20,1690,ephemeroptera larvae,11,0.14,NA,NA,NA,yes
2010,1,20,1770,mukene,1,0.61,NA,NA,NA,yes
2010,1,20,1770,barbus,1,0.75,NA,NA,NA,yes
2010,1,20,1770,mukene or barb,1,0.66,NA,NA,NA,yes
2009,12,20,1688,hap,1,6.5,NA,NA,NA,yes
2009,12,20,1687,chaoborus larvae,25,0.002,NA,NA,NA,yes
2009,12,20,1687,vegitation,1,0.001,NA,NA,NA,yes
2010,2,20,1901,ufp,1,0.19,NA,NA,NA,yes
2010,2,20,1901,chironomid pupae,1,0.001,NA,NA,NA,yes
2010,1,20,1774,clarias,1,1,NA,NA,NA,yes
2010,1,19,1726,odonata larvae,2,0.005,NA,NA,NA,yes
2010,1,19,1726,chaoborus larvae,50,0.02,NA,NA,NA,yes
2010,1,19,1726,chironomid larvae,10,0.003,NA,NA,NA,yes
2010,1,19,1726,ephemeroptera larvae,2,0.01,NA,NA,NA,yes
2010,4,20,1758,nile perch,1,1.59,NA,NA,NA,yes
2010,4,15,203,nile perch,1,0.87,3.5,1.1,NA,yes
2010,4,15,203,nile perch,1,0.51,2.6,0.9,NA,yes
2010,2,19,1826,ephemeroptera larvae,19,0.47,NA,NA,NA,yes
2010,2,19,1826,ufp,1,0.001,NA,NA,NA,yes
2009,10,30,1547,ephemeroptera larvae,1,0.01,NA,NA,NA,yes
2009,10,30,1547,cichlid,1,0.18,1.5,0.6,NA,yes
2009,10,31,1581,ephemeroptera larvae,84,2.11,NA,NA,NA,yes
2010,2,19,1842,ephemeroptera larvae,11,0.27,NA,NA,NA,yes
2010,2,19,1838,chironomid larvae,47,0.06,NA,NA,NA,yes
2010,2,19,1838,chironomid pupae,59,0.2,NA,NA,NA,yes
2010,1,19,1737,ephemeroptera larvae,2,0.004,NA,NA,NA,yes
2010,2,19,1836,chironomid pupae,7,0.01,NA,NA,NA,yes
2010,2,19,1836,chironomid larvae,2,0.002,NA,NA,NA,yes
2010,2,19,1836,chaoborus larvae,1,0.001,NA,NA,NA,yes
2009,12,22,1716,ufp,1,0.12,NA,NA,NA,yes
2010,1,22,1818,chironomid larvae,2,0.01,NA,NA,NA,yes
2010,1,19,1745,ephemeroptera larvae,1,0.06,NA,NA,NA,yes
2010,1,22,1815,chironomid pupae,6,0.02,NA,NA,NA,yes
2010,1,22,1815,chaoborus larvae,2,0.001,NA,NA,NA,yes
2010,1,22,1815,chironomid larvae,4,0.006,NA,NA,NA,yes
2009,1,22,1808,ephemeroptera larvae,2,0.01,NA,NA,NA,yes
2009,10,28,1508,hap,1,1.35,NA,NA,NA,yes
2009,10,28,1508,cichlid,1,0.19,NA,NA,NA,yes
2009,10,29,1535,hap,1,0.56,NA,NA,NA,yes
2009,10,30,1548,cichlid,2,0.5,NA,NA,NA,yes
2009,9,30,1502,ephemeroptera larvae,8,0.16,NA,NA,NA,yes
2009,10,30,1546,barbus,1,0.67,NA,NA,NA,yes
2009,10,30,1546,ufp,1,0.17,NA,NA,NA,yes
2009,9,30,1495,ephemeroptera larvae,15,0.28,NA,NA,NA,yes
2009,10,31,1582,ufp,1,0.29,NA,NA,NA,yes
2009,10,31,1582,ephemeroptera larvae,10,0.51,NA,NA,NA,yes
2010,2,20,1874,chironomid pupae,17,0.07,NA,NA,NA,yes
2010,2,20,1874,odonata larvae,1,0.001,NA,NA,NA,yes
2010,2,20,1874,chironomid larvae,32,0.03,NA,NA,NA,yes
2009,10,31,1591,ephemeroptera larvae,8,0.25,NA,NA,NA,yes
2009,10,31,1592,ephemeroptera larvae,2,0.04,NA,NA,NA,yes
2010,2,19,1845,chironomid pupae,37,0.13,NA,NA,NA,yes
2010,2,19,1845,chironomid larvae,20,0.01,NA,NA,NA,yes
2010,2,19,1845,ephemeroptera larvae,11,0.11,NA,NA,NA,yes
2010,2,19,1837,ephemeroptera larvae,7,0.08,NA,NA,NA,yes
2010,2,19,1875,ephemeroptera larvae,4,0.04,NA,NA,NA,yes
2010,2,20,1897,ufp,1,0.05,NA,NA,NA,yes
2010,2,20,1897,cichlid,1,0.15,NA,NA,NA,yes
2010,2,20,1863,vegitation,1,0.25,NA,NA,NA,yes
2010,2,20,1863,hap,1,0.42,2.4,0.8,NA,yes
2010,2,20,1863,cichlid,1,0.04,NA,NA,NA,yes
2010,2,20,1863,ufp,1,0.08,NA,NA,NA,yes
2010,2,20,1906,mukene,1,0.46,3.1,0.9,NA,yes
2010,2,20,1906,mukene,1,0.15,NA,NA,NA,yes
2010,2,20,1906,odonata larvae,1,0.25,NA,NA,NA,yes
2010,2,20,1906,ephemeroptera larvae,1,0.002,NA,NA,NA,yes
2010,2,19,1821,ufp,1,0.01,NA,NA,NA,yes
2010,2,19,1821,ephemeroptera larvae,40,0.62,NA,NA,NA,yes
2010,2,19,1821,annelid worm,11,0.11,NA,NA,NA,yes
2010,2,19,1821,chironomid pupae,67,0.27,NA,NA,NA,yes
2010,2,19,1821,chironomid larvae,25,0.04,NA,NA,NA,yes
2010,2,19,1821,chaoborus larvae,3,0.001,NA,NA,NA,yes
2010,2,20,1871,chironomid pupae,19,0.06,NA,NA,NA,yes
2010,2,20,1871,ufp,1,0.01,NA,NA,NA,yes
2010,2,20,1871,chironomid larvae,16,0.03,NA,NA,NA,yes
2010,2,20,1871,uip,1,0.005,NA,NA,NA,yes
2009,10,31,1577,ufp,2,0.97,NA,NA,NA,yes
2009,10,31,1577,vegitation,1,0.19,NA,NA,NA,yes
2009,10,31,1577,hap,1,1.27,NA,NA,NA,yes
2009,10,31,1577,cichlid,1,2.7,NA,NA,NA,yes
2010,2,20,1914,cichlid,1,1.12,NA,NA,NA,yes
2010,2,20,1914,ufp,2,0.63,NA,NA,NA,yes
2009,10,28,1522,ephemeroptera larvae,2,0.1,NA,NA,NA,yes
2009,10,28,1522,vegitation,2,0.34,NA,NA,NA,yes
2009,10,28,1522,ufp,1,4.46,NA,NA,NA,yes
2009,10,31,1590,cichlid,1,0.05,1.2,0.3,NA,yes
2009,10,31,1590,ufp,1,0.01,NA,NA,NA,yes
2009,10,31,1590,annelid worm,1,0.04,NA,NA,NA,yes
2009,10,28,1530,vegitation,1,1.72,NA,NA,NA,yes
2009,10,28,1530,hap,1,2.13,4.7,1.3,NA,yes
2009,10,28,1530,ufp,1,0.01,NA,NA,NA,yes
2009,9,30,1497,ephemeroptera larvae,7,0.13,NA,NA,NA,yes
2009,10,28,1516,hap,1,0.36,NA,NA,NA,yes
2009,10,28,1509,cichlid,1,0.26,NA,NA,NA,yes
2009,9,30,1496,ephemeroptera larvae,27,0.43,NA,NA,NA,yes
2009,10,31,1587,ephemeroptera larvae,7,0.06,NA,NA,NA,yes
2009,9,30,1499,hap,1,0.16,1.8,0.5,NA,yes
2009,9,30,1499,cichlid,1,0.03,NA,NA,NA,yes
2009,10,31,1583,ephemeroptera larvae,1,0.02,NA,NA,NA,yes
2009,10,31,1578,chaoborus larvae,21,0.03,NA,NA,well preserved chaoborus specimens,yes
2009,10,31,1578,annelid worm,1,0.09,NA,NA,NA,yes
2009,10,30,1545,vegitation,1,0.05,NA,NA,NA,yes
2009,9,30,1492,cichlid,1,0.01,NA,NA,NA,yes
2009,9,30,1492,chaoborus larvae,7,0.01,NA,NA,NA,yes
2009,10,28,1511,ufp,1,2.05,NA,NA,NA,yes
2009,10,30,1597,vegitation,2,0.02,NA,NA,NA,yes
2009,10,30,1597,ufp,1,0.29,NA,NA,NA,yes
2009,10,28,1521,clarias,1,2.11,6.1,0.9,NA,yes
2009,9,30,1503,hap,1,1.38,3.2,1.2,NA,yes
2009,9,30,1503,hap,1,0.92,3.5,1.1,NA,yes
2009,9,30,1503,hap,1,2.4,4.8,1.4,NA,yes
2009,9,30,1503,ephemeroptera larvae,1,0.001,NA,NA,NA,yes
2009,9,30,1503,vegitation,1,0.001,NA,NA,NA,yes
2009,9,30,1503,hap,1,1.6,4,1.3,NA,yes
2009,9,30,1503,hap,1,0.58,2.7,1,NA,yes
2009,9,30,1503,ephemeroptera larvae,1,0.08,NA,NA,NA,yes
2009,9,30,1503,cichlid,1,0.32,NA,NA,NA,yes
2009,10,28,1515,hap,2,2.46,NA,NA,NA,yes
2009,10,28,1515,ufp,1,0.35,NA,NA,NA,yes
2009,10,28,1520,mukene,1,0.32,NA,NA,NA,yes
2009,10,28,1520,ufp,1,0.83,NA,NA,NA,yes
2009,10,28,1513,vegitation,1,0.03,NA,NA,NA,yes
2009,10,28,1513,ufp,1,0.87,NA,NA,NA,yes
2009,10,28,1513,odonata larvae,1,0.14,NA,NA,NA,yes
2009,10,28,1513,ephemeroptera larvae,1,0.003,NA,NA,NA,yes
2009,10,30,1543,nile perch,1,0.2,0.9,0.5,NA,yes
2009,10,28,1512,hap,1,6.53,6,1.9,NA,yes
2009,10,28,1512,cichlid,1,3.59,NA,NA,NA,yes
2009,10,28,1512,ephemeroptera larvae,1,0.001,NA,NA,NA,yes
2009,7,10,1355,hap,1,0.33,NA,NA,NA,yes
2009,7,10,1355,ufp,1,1.95,NA,NA,NA,yes
2009,7,9,1314,nile perch,1,0.6,NA,NA,NA,yes
2009,7,9,1314,cichlid,1,1.16,NA,NA,NA,yes
2009,7,9,1318,mukene,1,1.25,4.5,1,NA,yes
2009,7,9,1318,mukene,2,1.99,NA,NA,NA,yes
2009,7,9,1316,cichlid,1,1.51,NA,NA,NA,yes
2009,7,10,1364,cichlid,1,0.98,NA,NA,NA,yes
2009,7,10,1364,vegitation,2,0.09,NA,NA,NA,yes
2009,7,9,1333,odonata larvae,1,0.11,NA,NA,NA,yes
2009,7,9,1333,ephemeroptera larvae,1,0.03,NA,NA,NA,yes
2009,7,9,1333,chironomid pupae,2,0.002,NA,NA,NA,yes
2009,7,11,1381,nile perch,2,0.81,NA,NA,NA,yes
2009,7,9,1345,mukene,1,1.31,4.9,NA,NA,yes
2009,7,9,1345,hap,1,1.16,3.5,1.1,NA,yes
2009,7,9,1345,mukene,1,1.19,NA,NA,NA,yes
2010,3,18,33,hap,1,4.82,6.4,1.8,NA,yes
2010,3,18,33,hap,1,1.47,3.9,1.2,NA,yes
2009,7,9,1319,mukene,4,4.45,NA,NA,NA,yes
2009,7,9,1319,barbus,2,1.56,NA,NA,NA,yes
2009,7,9,1319,ufp,1,0.54,NA,NA,NA,yes
2009,7,12,1386,nile perch,1,0.34,2,0.8,NA,yes
2009,7,12,1386,nile perch,1,0.34,2.1,0.8,NA,yes
2009,7,9,1336,annelid worm,1,0.02,NA,NA,black microfiber found,yes
2009,7,9,1336,vegitation,1,0.01,NA,NA,NA,yes
2009,7,10,1363,cichlid,1,0.11,1.2,0.5,NA,yes
2009,7,10,1363,ufp,2,0.13,NA,NA,NA,yes
2009,7,10,1360,ufp,1,0.03,NA,NA,NA,yes
2009,7,9,1340,ephemeroptera larvae,4,0.03,NA,NA,NA,yes
2009,7,9,1340,vegitation,2,0.003,NA,NA,NA,yes
2009,7,10,1357,ephemeroptera larvae,1,0.07,NA,NA,NA,yes
2009,7,9,1338,mukene,1,1.2,NA,NA,NA,yes
2009,7,9,1338,mukene or barb,2,0.89,NA,NA,NA,yes
2009,7,10,1354,barbus,1,0.52,NA,NA,NA,yes
2009,7,10,1354,nile perch,1,0.56,NA,NA,NA,yes
2009,7,10,1354,mukene or barb,1,0.41,NA,NA,NA,yes
2009,7,10,1354,ufp,0,0.08,NA,NA,"didnt think this came from separate fish, just part of the other ones",yes
2010,2,20,1873,chironomid pupae,48,0.13,NA,NA,NA,yes
2010,2,20,1873,chironomid larvae,43,0.04,NA,NA,NA,yes
2010,2,20,1882,chironomid pupae,12,0.02,NA,NA,NA,yes
2010,2,20,1882,chironomid larvae,55,0.07,NA,NA,NA,yes
2010,2,20,1882,chaoborus larvae,22,0.02,NA,NA,NA,yes
2010,2,19,1852,chironomid larvae,3,0.01,NA,NA,NA,yes
2010,2,19,1852,vegitation,1,0.001,NA,NA,NA,yes
2010,2,19,1852,ephemeroptera larvae,18,0.37,NA,NA,NA,yes
2010,2,20,1872,odonata larvae,1,0.002,NA,NA,NA,yes
2010,2,20,1872,chironomid pupae,37,0.13,NA,NA,NA,yes
2010,2,20,1872,chironomid larvae,30,0.04,NA,NA,NA,yes
2010,2,20,1866,chironomid pupae,15,0.02,NA,NA,NA,yes
2010,2,20,1866,chironomid larvae,15,0.02,NA,NA,NA,yes
2010,2,20,1919,ephemeroptera larvae,1,0.001,NA,NA,NA,yes
2010,2,20,1919,chironomid pupae,8,0.02,NA,NA,NA,yes
2010,2,20,1919,odonata larvae,1,0.03,NA,NA,NA,yes
2010,2,19,1840,ephemeroptera larvae,4,0.01,NA,NA,NA,yes
2009,7,10,1362,barbus,1,1.02,3.3,1,NA,yes
2010,2,20,1891,cichlid,1,0.2,NA,NA,NA,yes
2009,7,9,1322,ephemeroptera larvae,5,0.22,NA,NA,NA,yes
2009,7,9,1327,cichlid,1,0.01,NA,NA,NA,yes
2009,7,9,1327,nile perch,2,0.15,NA,NA,NA,yes
2009,7,9,1327,ufp,2,0.03,NA,NA,NA,yes
2009,7,10,1352,nile perch,1,0.87,NA,NA,NA,yes
2010,2,20,1917,odonata larvae,10,0.49,NA,NA,NA,yes
2010,2,20,1917,ephemeroptera larvae,1,0.001,NA,NA,NA,yes
2010,2,20,1911,nile perch,1,0.07,1.6,0.5,NA,yes
2010,2,20,1911,chironomid pupae,1,0.01,NA,NA,NA,yes
2010,2,19,1832,ephemeroptera larvae,1,0.01,NA,NA,NA,yes
2010,2,19,1832,chironomid pupae,64,0.17,NA,NA,NA,yes
2010,2,19,1832,chironomid larvae,80,0.08,NA,NA,NA,yes
2010,2,19,1848,ephemeroptera larvae,16,0.2,NA,NA,NA,yes
2009,10,29,1537,nile perch,1,2.3,NA,NA,NA,yes
2010,2,20,1912,cichlid,1,5.4,NA,NA,NA,yes
2010,2,20,1868,ufp,1,0.02,NA,NA,NA,yes
2010,2,20,1868,hap,1,1.19,3.9,1.2,NA,yes
2010,2,20,1868,hap,1,0.63,2.8,1,NA,yes
2010,2,20,1868,hap,1,0.54,2.6,0.9,NA,yes
2009,7,11,1379,hap,1,5.29,5.2,1.8,NA,yes
2009,8,8,1427,ufp,1,0.41,NA,NA,NA,yes
2009,9,5,1466,ephemeroptera larvae,2,0.01,NA,NA,NA,yes
2009,9,8,1482,ufp,1,0.34,NA,NA,NA,yes
2009,9,5,1468,ufp,1,0.06,NA,NA,NA,yes
2009,9,7,1551,chaoborus larvae,115,0.13,NA,NA,NA,yes
2009,11,24,1640,ephemeroptera larvae,3,0.19,NA,NA,NA,yes
2009,11,24,1640,ephemeroptera larvae,1,0.06,NA,NA,povilla eggs,yes
2009,8,8,1428,chironomid pupae,6,0.02,NA,NA,NA,yes
2009,8,8,1428,ufp,1,0.02,NA,NA,NA,yes
2009,8,8,1428,chironomid larvae,3,0.003,NA,NA,NA,yes
2009,8,8,1428,vegitation,1,0.002,NA,NA,NA,yes
2009,11,26,1664,chaoborus larvae,24,0.01,NA,NA,NA,yes
2009,11,26,1664,odonata larvae,1,0.04,NA,NA,NA,yes
2009,11,26,1664,ufp,2,0.1,NA,NA,NA,yes
2010,2,19,1834,chironomid pupae,1,0.001,NA,NA,NA,yes
2010,2,19,1834,ephemeroptera larvae,34,0.43,NA,NA,NA,yes
2010,2,20,1915,diptera aduld,1,0.002,NA,NA,NA,yes
2009,8,7,1398,nile perch,1,1.13,NA,NA,NA,yes
2009,8,7,1398,corixidae adult,2,0.002,NA,NA,NA,yes
2009,8,7,1398,ephemeroptera larvae,1,0.001,NA,NA,NA,yes
2009,8,7,1398,vegitation,1,0.001,NA,NA,NA,yes
2009,8,7,1398,chironomid larvae,12,0.02,NA,NA,NA,yes
2009,8,7,1398,chironomid pupae,3,0.01,NA,NA,NA,yes
2010,2,20,1884,chironomid pupae,40,0.15,NA,NA,NA,yes
2010,2,20,1884,chaoborus larvae,4,0.001,NA,NA,NA,yes
2010,2,20,1884,chironomid larvae,15,0.04,NA,NA,NA,yes
2009,8,9,1439,cichlid,1,5.03,NA,NA,date was written as 9/08/09,yes
2009,8,7,1413,hap,1,1.04,3.4,1.2,NA,yes
2009,9,6,1566,ufp,1,0.39,NA,NA,NA,yes
2009,8,8,1434,vegitation,2,0.44,NA,NA,NA,yes
2009,8,8,1434,cichlid,1,1.38,NA,NA,NA,yes
2009,11,24,1641,hap,1,3.09,NA,NA,NA,yes
2010,2,20,1869,ufp,1,0.22,NA,NA,NA,yes
2010,2,20,1869,vegitation,1,0.02,NA,NA,NA,yes
2009,9,7,1557,cichlid,1,2.8,NA,NA,NA,yes
2009,8,7,1409,nile perch,1,0.26,NA,NA,NA,yes
2009,11,26,1662,cichlid,1,0.08,NA,NA,NA,yes
2009,11,26,1662,odonata larvae,1,0.01,NA,NA,NA,yes
2009,11,26,1672,odonata larvae,1,0.16,NA,NA,NA,yes
2009,11,23,1617,ufp,1,0.05,NA,NA,NA,yes
2009,11,26,1665,chaoborus larvae,58,0.1,NA,NA,NA,yes
2009,11,25,1632,corixidae adult,1,0.002,NA,NA,NA,yes
2009,11,25,1632,chaoborus larvae,62,0.06,NA,NA,NA,yes
2010,1,19,1733,ephemeroptera larvae,12,0.04,NA,NA,NA,yes
2010,1,19,1733,chironomid pupae,3,0.01,NA,NA,NA,yes
2010,1,19,1733,chironomid larvae,2,0.001,NA,NA,NA,yes
2010,1,19,1733,corixidae adult,8,0.01,NA,NA,NA,yes
2010,1,19,1733,chaoborus larvae,98,0.09,NA,NA,NA,yes
2009,11,23,1608,cichlid,2,0.11,NA,NA,NA,yes
2009,11,23,1608,chironomid pupae,1,0.001,NA,NA,NA,yes
2009,11,23,1608,chironomid larvae,1,0.001,NA,NA,NA,yes
2009,11,23,1608,corixidae adult,1,0.001,NA,NA,NA,yes
2009,11,23,1608,ephemeroptera larvae,4,0.02,NA,NA,NA,yes
2009,11,23,1603,mukene,1,0.48,NA,NA,NA,yes
2009,11,23,1603,mukene,1,0.54,NA,NA,NA,yes
2009,11,24,1646,cichlid,2,0.32,NA,NA,NA,yes
2009,11,24,1646,ephemeroptera larvae,1,0.001,NA,NA,NA,yes
2009,11,23,1604,ephemeroptera larvae,6,0.09,NA,NA,NA,yes
2009,11,23,1615,ephemeroptera larvae,13,0.4,NA,NA,NA,yes
2010,4,14,164,chironomid larvae,1,0.001,NA,NA,NA,yes
2010,4,14,164,cichlid,1,0.06,NA,NA,NA,yes
2010,1,20,1782,cichlid,1,0.21,NA,NA,NA,yes
2010,1,20,1782,vegitation,1,0.01,NA,NA,NA,yes
2009,12,22,1719,chironomid pupae,1,0.01,NA,NA,NA,yes
2009,12,22,1719,chaoborus larvae,50,0.05,NA,NA,NA,yes
2010,1,19,1738,hap,1,0.12,NA,NA,NA,yes
2010,1,19,1738,vegitation,2,0.13,NA,NA,NA,yes
2010,1,22,1810,cichlid,1,0.62,NA,NA,NA,yes
2010,1,22,1810,ufp,1,0.02,NA,NA,NA,yes
2009,9,6,1561,cichlid,1,1.58,NA,NA,NA,yes
2009,9,6,1561,ephemeroptera larvae,1,0.004,NA,NA,NA,yes
2009,9,6,1575,mukene,2,0.51,NA,NA,NA,yes
2009,9,6,1575,mukene or barb,1,0.27,NA,NA,NA,yes
2009,9,6,1575,ufp,2,0.27,NA,NA,NA,yes
2009,9,6,1575,chaoborus larvae,2,0.001,NA,NA,NA,yes
2009,11,26,1669,odonata larvae,1,0.15,NA,NA,NA,yes
2009,11,26,1669,cichlid,1,3.47,NA,NA,NA,yes
2009,11,26,1669,vegitation,1,0.02,NA,NA,NA,yes
2009,11,25,128,cichlid,1,1.58,NA,NA,NA,yes
2009,11,25,128,ufp,1,0.9,NA,NA,NA,yes
2009,11,25,128,barbus,1,0.6,NA,NA,NA,yes
2009,11,23,1576,hap,2,1.93,NA,NA,NA,yes
2010,1,19,1746,hap,1,7.97,NA,NA,NA,yes
2010,2,19,1950,hap,1,1.28,NA,NA,NA,yes
2010,2,19,1950,ufp,1,0.03,NA,NA,NA,yes
2010,2,20,1888,ufp,1,0.17,NA,NA,NA,yes
2010,2,20,1888,cichlid,1,2.81,NA,NA,NA,yes
2009,8,8,1431,cichlid,2,1.14,NA,NA,NA,yes
2009,8,8,1431,tilapinne cichlid,1,0.47,NA,NA,NA,yes
2009,8,8,1431,ufp,1,0.06,NA,NA,NA,yes
2010,2,19,1843,chironomid pupae,1,0.001,NA,NA,NA,yes
2010,2,19,1843,ephemeroptera larvae,8,0.09,NA,NA,NA,yes
2010,2,19,1839,ephemeroptera larvae,52,0.33,NA,NA,NA,yes
2010,2,19,1839,chironomid pupae,1,0.001,NA,NA,NA,yes
2010,2,19,1839,chironomid larvae,1,0.001,NA,NA,NA,yes
2010,2,19,1839,uip,2,0.002,NA,NA,NA,yes
2010,4,14,156,cichlid,1,0.62,NA,NA,NA,yes
2010,4,13,186,odonata larvae,1,0.24,NA,NA,NA,yes
2010,4,14,158,ufp,1,0.02,NA,NA,NA,yes
2009,11,24,1649,cichlid,1,0.38,NA,NA,NA,yes
2009,11,24,1649,vegitation,2,0.55,NA,NA,NA,yes
2009,11,24,1649,odonata larvae,1,0.01,NA,NA,NA,yes
2010,4,14,112,ufp,1,0.05,NA,NA,NA,yes
2010,4,14,163,chironomid larvae,11,0.03,NA,NA,NA,yes
2010,4,14,163,chironomid pupae,3,0.01,NA,NA,NA,yes
2009,8,7,1401,mukene,3,2.26,NA,NA,NA,yes
2009,8,7,1401,barbus,1,1.19,NA,NA,NA,yes
2010,4,14,118,ufp,1,0.11,NA,NA,NA,yes
2010,4,14,152,ufp,2,0.81,NA,NA,NA,yes
2010,4,14,103,nile perch,1,0.38,NA,NA,NA,yes
2010,4,14,103,cichlid,2,0.41,NA,NA,NA,yes
2010,4,14,103,ufp,2,0.38,NA,NA,NA,yes
2010,4,14,105,ufp,5,1.08,NA,NA,NA,yes
2010,4,14,105,nile perch,1,0.4,NA,NA,NA,yes
2010,4,14,119,nile perch,1,0.72,NA,NA,NA,yes
2010,4,14,119,chironomid larvae,1,0.002,NA,NA,NA,yes
2010,4,14,119,ufp,1,0.1,NA,NA,NA,yes
2010,4,14,162,cichlid,1,0.16,NA,NA,NA,yes
2010,4,14,166,hap,1,1.37,3.6,1.2,NA,yes
2010,4,14,166,hap,1,0.67,2.9,1,NA,yes
2010,4,14,120,nile perch,1,0.51,NA,NA,NA,yes
2010,4,14,120,ufp,1,0.23,NA,NA,NA,yes
2010,4,14,120,cichlid,1,0.08,NA,NA,NA,yes
2010,4,14,120,ephemeroptera larvae,1,0.04,NA,NA,NA,yes
2010,4,14,102,barbus,1,0.55,NA,NA,NA,yes
2010,4,14,102,mukene,1,0.4,NA,NA,NA,yes
2010,4,14,102,ufp,1,0.2,NA,NA,NA,yes
2010,4,14,155,ufp,1,0.03,NA,NA,NA,yes
2010,4,14,155,cichlid,2,0.3,NA,NA,NA,yes
2010,4,14,155,odonata larvae,1,0.12,NA,NA,NA,yes
2010,4,14,165,cichlid,1,1.33,NA,NA,NA,yes
2010,4,14,111,chironomid larvae,2,0.01,NA,NA,NA,yes
2010,4,14,111,annelid worm,1,0.03,NA,NA,NA,yes
2010,4,14,159,cichlid,1,0.15,NA,NA,NA,yes
2010,4,14,159,ufp,1,0.07,NA,NA,NA,yes
2010,4,14,153,nile perch,2,1.46,NA,NA,NA,yes
2010,4,14,153,cichlid,1,0.2,NA,NA,NA,yes
2009,8,9,1455,ufp,1,1.12,NA,NA,check date could 08-09-2009,yes
2009,8,9,1455,mukene,3,2.43,NA,NA,NA,yes
2009,8,9,1455,hap,2,13.2,NA,NA,NA,yes
2010,3,17,1847,hap,1,0.14,NA,NA,NA,yes
2010,3,18,75,ephemeroptera larvae,4,0.02,NA,NA,NA,yes
2010,3,18,75,chironomid pupae,26,0.11,NA,NA,NA,yes
2010,3,18,75,chironomid larvae,10,0.003,NA,NA,NA,yes
2010,3,18,75,uip,4,0.01,NA,NA,NA,yes
2009,8,7,1411,ephemeroptera larvae,1,0.06,NA,NA,NA,yes
2009,8,7,1411,chaoborus pupae,9,0.01,NA,NA,NA,yes
2009,8,8,1432,ufp,1,0.06,NA,NA,NA,yes
2010,3,18,35,cichlid,2,0.09,NA,NA,NA,yes
2010,3,18,35,ufp,4,0.05,NA,NA,NA,yes
2010,3,18,35,corixidae adult,1,0.002,NA,NA,NA,yes
2010,3,18,58,ufp,3,0.14,NA,NA,NA,yes
2009,9,8,1480,chaoborus pupae,22,0.03,NA,NA,NA,yes
2009,9,8,1480,chironomid pupae,2,0.004,NA,NA,NA,yes
2009,9,8,1480,chironomid larvae,3,0.001,NA,NA,NA,yes
2009,9,8,1480,chaoborus larvae,45,0.08,NA,NA,NA,yes
2009,9,8,1480,odonata larvae,1,0.07,NA,NA,NA,yes
2009,9,6,1564,ufp,1,1.26,NA,NA,NA,yes
2009,9,6,1564,vegitation,3,0.37,NA,NA,NA,yes
2009,9,8,1485,hap,1,0.27,NA,NA,NA,yes
2009,9,8,1485,hap,1,0.14,NA,NA,NA,yes
2009,9,5,1467,ephemeroptera larvae,2,0.03,NA,NA,NA,yes
2009,9,5,1467,uip,1,0.001,NA,NA,NA,yes
2009,9,8,1488,barbus,1,0.58,NA,NA,NA,yes
2009,8,7,1400,ephemeroptera larvae,8,0.25,NA,NA,NA,yes
2009,8,7,1400,odonata larvae,3,0.88,NA,NA,NA,yes
2009,9,5,1456,chaoborus pupae,7,0.006,NA,NA,NA,yes
2009,9,5,1456,chaoborus larvae,159,0.016,NA,NA,NA,yes
2009,9,5,1456,chironomid larvae,5,0.01,NA,NA,NA,yes
2009,9,5,1460,ephemeroptera larvae,8,0.23,NA,NA,NA,yes
2009,8,7,1403,ephemeroptera larvae,14,0.26,NA,NA,NA,yes
2009,8,7,1403,vegitation,1,0.002,NA,NA,NA,yes
2009,8,8,1436,nile perch,3,0.4,NA,NA,NA,yes
2009,8,8,1436,nile perch,1,0.25,2.1,0.7,NA,yes
2009,8,8,1436,ufp,1,0.11,NA,NA,NA,yes
2009,9,7,1558,chaoborus larvae,324,0.42,NA,NA,NA,yes
2009,9,7,1558,chironomid larvae,7,0.01,NA,NA,NA,yes
2009,9,7,1558,chaoborus larvae,19,0.02,NA,NA,NA,yes
2010,3,17,1982,nile perch,1,1.2,NA,NA,NA,yes
2010,3,17,1982,ufp,1,0.39,NA,NA,NA,yes
2010,3,18,28,ufp,1,0.65,NA,NA,NA,yes
2010,3,18,28,hap,1,0.83,NA,NA,NA,yes
2010,3,18,28,ephemeroptera larvae,1,0.03,NA,NA,NA,yes
2010,3,16,1922,ufp,1,0.68,NA,NA,NA,yes
2010,3,16,1920,cichlid,1,0.2,NA,NA,NA,yes
2010,3,18,31,cichlid,1,1.22,NA,NA,NA,yes
2010,3,18,31,ufp,1,0.61,NA,NA,NA,yes
2010,3,18,31,mukene or barb,1,0.08,NA,NA,NA,yes
2010,3,18,69,hap,1,0.93,3,1.1,NA,yes
2010,3,18,69,ufp,1,0.29,NA,NA,NA,yes
2010,3,17,1988,ufp,2,0.81,NA,NA,NA,yes
2010,3,17,1988,mukene or barb,1,0.19,NA,NA,NA,yes
2010,3,17,1844,ufp,3,0.31,NA,NA,NA,yes
2010,3,17,1844,nile perch,2,1.12,NA,NA,NA,yes
2010,3,17,1844,mukene or barb,2,0.18,NA,NA,NA,yes
2010,3,17,1844,ufp,2,0.22,NA,NA,NA,yes
2010,3,18,91,ufp,1,0.57,NA,NA,NA,yes
2010,3,17,1984,nile perch,2,0.68,NA,NA,NA,yes
2010,3,17,1984,ufp,1,0.42,NA,NA,NA,yes
2010,3,17,1984,chironomid pupae,2,0.003,NA,NA,NA,yes
2010,3,18,45,cichlid,1,1.07,NA,NA,NA,yes
2010,3,18,45,hap,1,0.54,NA,NA,NA,yes
2010,3,18,45,ufp,1,0.09,NA,NA,NA,yes
2009,9,5,1463,nile perch,4,7,NA,NA,NA,yes
2009,9,5,1463,ephemeroptera larvae,4,0.05,NA,NA,NA,yes
2009,8,7,1402,ephemeroptera larvae,7,0.22,NA,NA,NA,yes
2010,3,18,7,nile perch,1,0.24,2.8,0.6,NA,yes
2010,3,18,7,nile perch,1,0.3,NA,NA,NA,yes
2010,3,18,7,ufp,3,0.1,NA,NA,NA,yes
2010,3,18,7,chaoborus pupae,3,0.02,NA,NA,NA,yes
2010,4,15,215,ufp,1,0.43,NA,NA,NA,yes
2010,4,15,228,ufp,1,0.04,NA,NA,NA,yes
2010,4,15,148,hap,1,1.44,NA,NA,NA,yes
2010,4,15,229,barbus,3,2.71,NA,NA,NA,yes
2010,4,15,229,hap,1,0.5,NA,NA,NA,yes
2010,4,15,229,cichlid,1,0.29,NA,NA,NA,yes
2010,4,15,229,ufp,1,0.18,NA,NA,NA,yes
2010,4,15,223,cichlid,1,0.67,NA,NA,NA,yes
2010,4,15,142,hap,1,5.64,5.7,2.2,NA,yes
2010,4,15,216,mukene,5,1.19,NA,NA,NA,yes
2010,4,15,216,ufp,4,0.62,NA,NA,NA,yes
2010,4,15,216,ephemeroptera larvae,1,0.03,NA,NA,NA,yes
2010,4,15,216,chironomid larvae,1,0.004,NA,NA,NA,yes
2010,4,15,235,chironomid pupae,1,0.001,NA,NA,NA,yes
2010,4,15,235,mukene,1,0.33,NA,NA,NA,yes
2010,4,15,235,ufp,1,0.06,NA,NA,NA,yes
2009,8,8,1423,ufp,1,0.49,NA,NA,NA,yes
2009,9,7,1556,cichlid,1,0.46,NA,NA,NA,yes
2009,9,7,1556,ufp,1,0.17,NA,NA,NA,yes
2009,8,9,1448,chironomid pupae,12,0.04,NA,NA,NA,yes
2009,8,9,1448,chironomid larvae,5,0.01,NA,NA,NA,yes
2009,8,9,1448,ufp,1,0.006,NA,NA,NA,yes
2009,8,8,1430,cichlid,1,0.13,NA,NA,NA,yes
2009,8,8,1430,ufp,1,0.22,NA,NA,NA,yes
2009,8,8,1417,nile perch,6,2.06,NA,NA,NA,yes
2009,8,8,1417,ufp,2,0.23,NA,NA,NA,yes
2009,8,9,1440,chironomid pupae,78,0.31,NA,NA,NA,yes
2009,8,9,1440,chironomid larvae,4,0.001,NA,NA,NA,yes
2009,8,9,1440,chaoborus pupae,1,0.001,NA,NA,NA,yes
2009,9,7,1552,cichlid,1,3.01,NA,NA,NA,yes
2009,8,7,1404,ephemeroptera larvae,3,0.05,NA,NA,NA,yes
2009,9,5,1464,hap,1,2.07,4.4,0.9,NA,yes
2009,9,5,1464,cichlid,1,0.19,NA,NA,NA,yes
2010,3,18,81,chironomid larvae,1,0.001,NA,NA,NA,yes
2010,3,18,81,chironomid pupae,1,0.002,NA,NA,NA,yes
2010,3,18,81,nile perch,1,0.41,NA,NA,NA,yes
2010,3,18,81,ufp,2,0.42,NA,NA,NA,yes
2009,8,8,1426,hap,1,4.97,NA,NA,NA,yes
2010,3,18,38,nile perch,1,0.03,NA,NA,NA,yes
2010,3,18,39,nile perch,1,0.07,NA,NA,NA,yes
2010,3,18,39,uip,10,0.05,NA,NA,NA,yes
2010,3,18,39,chironomid larvae,4,0.002,NA,NA,NA,yes
2010,3,18,80,chaoborus larvae,3,0.001,NA,NA,NA,yes
2010,3,18,80,uip,1,0.003,NA,NA,NA,yes
2010,3,18,80,chironomid pupae,2,0.003,NA,NA,NA,yes
2010,3,18,59,chironomid larvae,1,0.001,NA,NA,NA,yes
2010,3,18,59,chironomid pupae,2,0.004,NA,NA,NA,yes
2010,3,18,59,ephemeroptera larvae,4,0.05,NA,NA,NA,yes
2010,3,18,73,chironomid larvae,1,0.002,NA,NA,NA,yes
2010,3,18,73,chironomid pupae,5,0.04,NA,NA,NA,yes
2010,3,18,41,nile perch,1,0.1,NA,NA,NA,yes
2010,4,15,219,ufp,1,0.2,NA,NA,NA,yes
2010,4,15,219,mukene,2,0.39,NA,NA,NA,yes
2010,4,15,219,ephemeroptera larvae,16,1.04,NA,NA,NA,yes
2010,4,15,149,chironomid larvae,38,0.02,NA,NA,NA,yes
2010,4,15,149,vegitation,2,0.001,NA,NA,NA,yes
2010,4,15,149,chironomid pupae,5,0.02,NA,NA,NA,yes
2010,4,15,217,chironomid pupae,1,0.001,NA,NA,NA,yes
2010,4,15,217,chironomid larvae,2,0.001,NA,NA,NA,yes
2010,4,15,217,vegitation,1,0.004,NA,NA,NA,yes
2010,4,15,217,ephemeroptera larvae,22,0.44,NA,NA,NA,yes
2010,4,15,211,mukene or barb,1,0.3,NA,NA,tag could be 21,yes
2010,4,15,211,barbus,1,1.2,NA,NA,tag could be 21,yes
2010,4,15,211,ufp,1,0.17,NA,NA,tag could be 21,yes
2010,4,15,211,ephemeroptera larvae,1,0.001,NA,NA,tag could be 21,yes
2010,3,17,1835,chironomid pupae,5,0.01,NA,NA,NA,yes
2010,3,17,1835,chironomid larvae,138,0.23,NA,NA,NA,yes
2010,3,17,1835,annelid worm,1,0.06,NA,NA,NA,yes
2010,4,15,150,ufp,1,0.52,NA,NA,NA,yes
2010,4,15,150,hap,1,5.22,NA,NA,NA,yes
2011,6,24,505,ufp,1,1.22,NA,NA,NA,yes
2011,6,24,509,nile perch,1,0.23,2.1,0.6,NA,yes
2011,6,24,509,barbus,1,0.27,NA,NA,NA,yes
2010,4,15,140,cichlid,1,2.58,NA,NA,NA,yes
2010,4,15,225,ufp,1,0.86,NA,NA,"no year given, highly likely its 2010",yes
2010,4,15,218,mukene,4,2.33,NA,NA,NA,yes
2010,4,15,218,barbus,1,0.37,NA,NA,NA,yes
2011,6,24,501,cichlid,2,7.25,NA,NA,NA,yes
2011,6,24,501,ufp,1,0.23,NA,NA,NA,yes
2011,6,24,501,mukene,1,0.31,NA,NA,NA,yes
2011,6,24,510,hap,1,3.79,5,1.8,NA,yes
2010,4,15,208,mukene,2,0.7,NA,NA,NA,yes
2010,4,15,208,mukene or barb,2,0.43,NA,NA,NA,yes
2010,4,15,208,ufp,1,0.07,NA,NA,NA,yes
2010,4,15,134,nile perch,1,0.41,2.2,0.7,NA,yes
2010,4,15,134,mukene or barb,1,0.23,NA,NA,NA,yes
2010,4,15,220,ephemeroptera larvae,18,0.66,NA,NA,NA,yes
2010,4,15,207,chironomid pupae,1,0.004,NA,NA,NA,yes
2010,4,15,207,chironomid larvae,2,0.001,NA,NA,NA,yes
2010,4,15,207,vegitation,2,0.05,NA,NA,NA,yes
2010,4,15,207,chaoborus pupae,1,0.002,NA,NA,NA,yes
2010,4,15,207,ephemeroptera larvae,8,0.16,NA,NA,NA,yes
2010,4,15,222,mukene or barb,2,0.93,NA,NA,NA,yes
2010,4,15,222,ufp,1,0.05,NA,NA,NA,yes
2010,4,15,222,chironomid pupae,2,0.02,NA,NA,NA,yes
2010,4,15,234,cichlid,3,1.93,NA,NA,NA,yes
2010,4,15,234,hap,1,1.31,NA,NA,NA,yes
2010,4,15,234,ufp,1,0.27,NA,NA,NA,yes
2010,4,15,233,nile perch,1,1.89,4.1,1.3,NA,yes
2010,4,15,233,nile perch,1,3.81,NA,NA,NA,yes
2009,7,9,1343,nile perch,1,4.25,6.6,1.9,NA,yes
2009,7,9,1343,cichlid,1,0.52,NA,NA,NA,yes
2009,7,9,1343,odonata larvae,1,0.31,NA,NA,NA,yes
2009,7,9,1343,vegitation,2,0.16,NA,NA,NA,yes
2009,7,9,1343,ephemeroptera larvae,1,0.01,NA,NA,NA,yes
2010,4,15,148,hap,1,1.86,4,1.3,NA,yes
2010,4,15,148,ufp,1,0.5,NA,NA,NA,yes
2010,4,15,148,vegitation,1,0.32,NA,NA,NA,yes
2009,7,9,1315,chironomid larvae,1,0.003,NA,NA,NA,yes
2009,7,9,1315,ufp,2,0.4,NA,NA,NA,yes
2009,7,12,1393,nile perch,1,0.18,2.5,0.6,NA,yes
2009,7,12,1393,nile perch,1,0.11,2,0.6,NA,yes
2009,7,12,1393,mukene,1,1.31,4.5,1,NA,yes
2009,7,12,1393,mukene,1,1.31,NA,NA,NA,yes
2010,4,15,144,chaoborus larvae,3,0.002,NA,NA,NA,yes
2010,4,15,144,chironomid larvae,45,0.12,NA,NA,NA,yes
2010,4,15,144,chironomid pupae,4,0.01,NA,NA,NA,yes
2009,7,9,1317,mukene or barb,1,0.66,NA,NA,NA,yes
2010,4,15,139,chironomid pupae,34,0.13,NA,NA,NA,yes
2009,7,9,1330,ephemeroptera larvae,4,0.17,NA,NA,NA,yes
2009,7,9,1324,vegitation,1,0.001,NA,NA,NA,yes
2009,7,9,1324,cichlid,1,0.07,NA,NA,NA,yes
2009,7,9,1324,ufp,1,0.03,NA,NA,NA,yes
2010,3,18,55,nile perch,1,0.64,NA,NA,NA,yes
2010,3,18,55,cichlid,1,0.05,NA,NA,NA,yes
2010,4,13,93,hap,1,0.66,3,1,NA,yes
2010,4,13,93,ufp,1,0.32,NA,NA,NA,yes
2010,4,13,187,ufp,1,0.1,NA,NA,NA,yes
2010,4,13,187,odonata larvae,5,0.93,NA,NA,NA,yes
2010,5,10,311,hap,1,3.18,NA,NA,NA,yes
2010,5,10,311,cichlid,1,1.65,NA,NA,NA,yes
2010,5,9,258,nile perch,1,0.32,NA,NA,NA,yes
2010,5,9,258,vegitation,2,0.04,NA,NA,NA,yes
2010,5,10,335,ufp,1,0.2,NA,NA,NA,yes
2010,5,10,345,ufp,1,0.11,NA,NA,NA,yes
2010,5,10,345,ephemeroptera larvae,1,0.001,NA,NA,NA,yes
2010,5,10,345,chironomid pupae,1,0.001,NA,NA,NA,yes
2010,5,10,345,chironomid larvae,1,0.001,NA,NA,NA,yes
2009,7,12,1384,odonata larvae,1,0.18,NA,NA,NA,yes
2009,7,12,1384,chironomid pupae,4,0.01,NA,NA,NA,yes
2009,7,12,1384,ufp,1,0.06,NA,NA,NA,yes
2009,7,11,1383,chironomid larvae,1,0.001,NA,NA,NA,yes
2009,7,11,1383,odonata larvae,1,0.12,NA,NA,NA,yes
2009,7,12,1385,chironomid pupae,2,0.01,NA,NA,NA,yes
2010,5,10,316,cichlid,1,0.24,NA,NA,NA,yes
2010,5,10,316,ufp,1,0.03,NA,NA,NA,yes
2010,4,15,221,chironomid pupae,1,0.001,NA,NA,NA,yes
2010,4,15,221,ufp,3,0.66,NA,NA,NA,yes
2009,7,10,1347,nile perch,1,0.16,1.9,0.5,NA,yes
2009,7,10,1347,nile perch,1,0.08,NA,NA,NA,yes
2009,7,10,1347,ufp,1,0.01,NA,NA,NA,yes
2010,4,13,199,mukene or barb,1,0.06,NA,NA,NA,yes
2010,4,13,199,nile perch,1,0.19,NA,NA,NA,yes
2010,4,13,199,chaoborus larvae,45,0.05,NA,NA,NA,yes
2009,7,12,1387,nile perch,1,0.31,NA,NA,NA,yes
2009,7,12,1387,chironomid pupae,77,0.41,NA,NA,NA,yes
2010,5,10,343,ufp,2,0.16,NA,NA,NA,yes
2010,5,10,343,odonata larvae,1,0.004,NA,NA,NA,yes
2010,5,10,343,ephemeroptera larvae,1,0.005,NA,NA,NA,yes
2010,5,10,325,chaoborus larvae,41,0.03,NA,NA,NA,yes
2010,4,13,99,cichlid,1,1.02,NA,NA,NA,yes
2010,4,13,99,ufp,1,0.93,NA,NA,NA,yes
2009,7,9,1331,ufp,1,0.31,NA,NA,NA,yes
2009,7,9,1331,nile perch,1,7.41,6.9,1.8,NA,yes
2010,5,10,310,ufp,1,0.16,NA,NA,NA,yes
2010,5,10,339,mukene,1,0.11,NA,NA,NA,yes
2010,5,10,339,ufp,2,0.46,NA,NA,NA,yes
2010,3,17,1973,cichlid,1,0.9,NA,NA,NA,yes
2010,5,10,322,ufp,1,0.01,NA,NA,NA,yes
2010,5,10,309,cichlid,1,0.2,NA,NA,NA,yes
2010,5,10,346,ufp,1,0.15,NA,NA,NA,yes
2010,5,10,346,ephemeroptera larvae,1,0.03,NA,NA,NA,yes
2010,5,10,333,ufp,1,0.04,NA,NA,NA,yes
2010,4,13,100,nile perch,1,0.45,NA,NA,NA,yes
2009,7,9,1323,ephemeroptera larvae,2,0.01,NA,NA,NA,yes
2009,7,9,1323,cichlid,1,0.09,NA,NA,NA,yes
2009,7,11,1373,cichlid,1,0.08,NA,NA,NA,yes
2010,3,16,1961,cichlid,1,0.21,NA,NA,NA,yes
2010,5,10,334,ufp,1,0.46,NA,NA,NA,yes
2010,3,17,1998,cichlid,1,0.1,NA,NA,NA,yes
2010,3,17,1998,odonata larvae,1,0.04,NA,NA,NA,yes
2010,3,18,11,chaoborus larvae,33,0.03,NA,NA,NA,yes
2010,3,18,11,chironomid larvae,8,0.01,NA,NA,NA,yes
2010,3,18,40,nile perch,1,0.13,NA,NA,NA,yes
2010,5,10,315,cichlid,1,0.28,NA,NA,NA,yes
2010,3,18,44,cichlid,1,0.37,NA,NA,NA,yes
2010,3,18,6,nile perch,1,0.09,NA,NA,NA,yes
2010,3,18,20,nile perch,1,0.72,2.9,1.1,NA,yes
2010,3,18,20,nile perch,2,0.08,NA,NA,NA,yes
2010,3,18,20,ufp,1,0.01,NA,NA,NA,yes
2010,3,17,1994,mukene or barb,1,0.27,NA,NA,NA,yes
2010,5,10,324,barbus,1,0.48,NA,NA,NA,yes
2010,5,10,324,ufp,1,0.61,NA,NA,NA,yes
2010,3,18,65,vegitation,1,0.001,NA,NA,NA,yes
2010,3,18,65,chironomid larvae,2,0.001,NA,NA,NA,yes
2010,3,18,65,chironomid pupae,2,0.006,NA,NA,NA,yes
2010,3,18,65,ephemeroptera larvae,9,0.06,NA,NA,NA,yes
2010,3,18,65,ufp,1,0.01,NA,NA,NA,yes
2010,3,18,21,nile perch,3,0.2,NA,NA,NA,yes
2010,3,18,21,nile perch,1,0.08,1.4,0.4,NA,yes
2010,3,17,1970,nile perch,1,0.69,NA,NA,NA,yes
2010,3,16,1953,vegitation,1,0.001,NA,NA,NA,yes
2010,3,16,1953,chironomid larvae,3,0.01,NA,NA,NA,yes
2010,3,16,1953,odonata larvae,1,0.01,NA,NA,NA,yes
2010,3,17,1962,odonata larvae,1,0.08,NA,NA,NA,yes
2010,3,16,1923,chaoborus larvae,2,0.002,NA,NA,NA,yes
2010,3,16,1923,cichlid,1,0.07,NA,NA,NA,yes
2010,3,18,5,chironomid pupae,1,0.002,NA,NA,NA,yes
2010,3,18,5,ufp,1,0.01,NA,NA,NA,yes
2010,3,17,1978,cichlid,1,0.08,NA,NA,NA,yes
2010,3,17,1978,ufp,1,0.69,NA,NA,NA,yes
2009,11,26,160,hap,1,5.12,NA,NA,NA,yes
2009,11,23,1614,cichlid,1,6.76,NA,NA,NA,yes
2010,3,18,8,ufp,1,0.09,NA,NA,NA,yes
2010,3,18,8,nile perch,2,0.19,NA,NA,NA,yes
2010,5,10,341,nile perch,1,0.3,NA,NA,NA,yes
2010,3,17,1,ufp,1,0.03,NA,NA,NA,yes
2010,3,17,1,chaoborus larvae,7,0.02,NA,NA,NA,yes
2009,11,23,1602,chaoborus larvae,25,0.01,NA,NA,NA,yes
2009,11,23,1602,chironomid pupae,6,0.001,NA,NA,NA,yes
2009,11,23,1602,ephemeroptera larvae,5,0.02,NA,NA,NA,yes
2009,11,23,1618,mukene or barb,1,0.2,NA,NA,NA,yes
2014,7,15,703,ephemeroptera larvae,10,0.18,NA,NA,NA,yes
2014,7,18,741,hap,1,0.37,2.3,0.8,NA,yes
2014,7,18,741,hap,1,0.39,2,0.8,NA,yes
2014,7,18,741,hap,1,0.31,2.1,0.7,NA,yes
2014,7,15,714,ephemeroptera larvae,1,0.001,NA,NA,NA,yes
2014,7,15,714,chironomid pupae,4,0.01,NA,NA,NA,yes
2014,7,15,714,chaoborus larvae,3,0.003,NA,NA,NA,yes
2014,7,15,714,chaoborus pupae,1,0.001,NA,NA,NA,yes
2014,7,16,721,vegitation,1,0.03,NA,NA,NA,yes
2014,7,16,721,chironomid pupae,1,0.001,NA,NA,NA,yes
2014,7,16,721,ephemeroptera larvae,3,0.04,NA,NA,NA,yes
2014,7,16,721,ufp,1,0.45,NA,NA,NA,yes
2014,7,15,715,hap,1,5.88,6.1,2,NA,yes
2014,7,15,715,hap,1,0.17,NA,NA,NA,yes
2014,7,18,743,hap,1,0.77,NA,NA,NA,yes
2014,7,18,743,cichlid,2,0.69,NA,NA,NA,yes
2014,7,17,727,ephemeroptera larvae,1,0.1,NA,NA,NA,yes
2014,7,17,727,chironomid larvae,1,0.001,NA,NA,NA,yes
2014,7,17,727,ufp,1,0.13,NA,NA,NA,yes
2014,7,17,727,ephemeroptera larvae,1,0.06,NA,NA,NA,yes
2014,7,15,706,vegitation,1,0.002,NA,NA,NA,yes
2014,7,15,706,ufp,3,0.53,NA,NA,NA,yes
2014,7,15,706,ephemeroptera larvae,4,0.03,NA,NA,NA,yes
2014,7,16,722,cichlid,1,0.26,NA,NA,NA,yes
2014,7,16,722,ufp,1,0.3,NA,NA,NA,yes
2014,7,16,725,chironomid pupae,4,0.01,NA,NA,NA,yes
2014,7,16,725,chaoborus pupae,16,0.02,NA,NA,NA,yes
2014,7,16,725,chaoborus larvae,106,0.14,NA,NA,NA,yes
2014,7,17,737,cichlid,1,0.16,NA,NA,NA,yes
2014,7,15,710,ufp,1,0.01,NA,NA,NA,yes
2014,7,15,710,ephemeroptera larvae,1,0.02,NA,NA,NA,yes
2014,7,15,710,vegitation,1,0.01,NA,NA,NA,yes
2014,7,18,747,chaoborus larvae,54,0.04,NA,NA,NA,yes
2014,7,15,704,cichlid,1,0.05,NA,NA,NA,yes
2014,7,18,749,ufp,2,0.26,NA,NA,NA,yes
2014,7,18,749,cichlid,1,0.36,NA,NA,NA,yes
2014,7,16,724,ufp,1,0.42,NA,NA,NA,yes
2014,7,15,702,vegitation,1,0.01,NA,NA,NA,yes
2014,7,15,702,ephemeroptera larvae,9,0.1,NA,NA,NA,yes
2014,7,17,732,hap,1,8.46,6.2,2.1,NA,yes
2014,7,17,732,ufp,1,0.62,NA,NA,NA,yes
2014,7,17,732,cichlid,1,0.8,NA,NA,NA,yes
2014,7,17,739,hap,1,0.37,2.3,0.9,NA,yes
2014,7,17,739,hap,1,9.74,6.7,2.2,NA,yes
2014,9,14,824,hap,1,1.29,3.4,1.2,NA,yes
2014,9,14,824,hap,2,4.27,NA,NA,NA,yes
2014,9,14,824,cichlid,1,3.32,NA,NA,NA,yes
2014,9,14,817,cichlid,2,4.76,NA,NA,NA,yes
2014,9,14,818,cichlid,2,6.56,NA,NA,NA,yes
2014,9,14,818,ufp,2,0.34,NA,NA,NA,yes
2014,9,14,823,tilapinne cichlid,1,1,NA,NA,NA,yes
2014,9,14,823,barbus,1,0.72,NA,NA,NA,yes
2014,9,14,823,hap,1,0.75,2.5,1,NA,yes
2014,9,17,852,cichlid,1,0.66,NA,NA,NA,yes
2014,9,14,830,hap,3,2.59,NA,NA,NA,yes
2014,9,17,864,cichlid,1,1.62,NA,NA,NA,yes
2014,9,17,863,ufp,2,0.75,NA,NA,NA,yes
2014,9,17,863,hap,1,0.21,NA,NA,NA,yes
2014,9,17,863,barbus,1,1.36,NA,NA,NA,yes
2014,9,17,863,mukene,1,0.4,NA,NA,NA,yes
2014,9,17,860,cichlid,1,1.2,NA,NA,NA,yes
2014,9,14,807,ufp,1,0.37,NA,NA,NA,yes
2014,8,17,794,mukene or barb,1,0.16,NA,NA,NA,yes
2014,9,17,862,hap,1,1.25,NA,NA,NA,yes
2014,9,14,827,chironomid larvae,1,0.24,NA,NA,NA,yes
2014,9,15,831,hap,2,2.54,NA,NA,NA,yes
2014,9,15,831,cichlid,1,0.96,NA,NA,NA,yes
2014,9,15,831,ufp,1,0.66,NA,NA,NA,yes
2014,9,15,833,hap,3,1.66,NA,NA,NA,yes
2014,9,15,833,barbus,1,0.62,NA,NA,NA,yes
2014,9,17,866,mukene,1,0.61,NA,NA,NA,yes
2014,9,17,866,mukene or barb,1,0.13,NA,NA,NA,yes
2014,9,17,866,hap,1,0.86,NA,NA,NA,yes
2014,9,15,837,clarias,1,2.63,7.3,1,NA,yes
2014,9,15,837,clarias,1,0.16,3.1,0.3,NA,yes
2014,9,15,836,cichlid,1,0.2,NA,NA,cichlids were measured seperately,yes
2014,9,15,836,cichlid,1,0.19,NA,NA,NA,yes
2014,9,14,808,mukene or barb,1,0.76,NA,NA,NA,yes
2014,9,15,835,ufp,1,0.03,NA,NA,NA,yes
2014,9,15,835,chironomid pupae,1,0.001,NA,NA,NA,yes
2014,9,17,869,chaoborus,36,0.05,NA,NA,larvae and pupae,yes
2014,9,16,847,ufp,1,0.14,NA,NA,NA,yes
2014,9,16,847,chaoborus larvae,15,0.01,NA,NA,NA,yes
2014,9,17,865,mukene,1,0.42,NA,NA,NA,yes
2014,9,17,854,vegitation,1,0.08,NA,NA,NA,yes
2014,9,17,854,ufp,1,0.73,NA,NA,NA,yes
2014,9,14,820,ephemeroptera larvae,12,0.19,NA,NA,NA,yes
2014,9,14,816,chironomid pupae,1,0.001,NA,NA,NA,yes
2014,9,14,816,odonata larvae,2,0.01,NA,NA,NA,yes
2014,9,14,816,ufp,1,0.07,NA,NA,NA,yes
2014,8,17,797,mukene or barb,1,0.4,NA,NA,NA,yes
2014,8,17,797,mukene,1,0.29,NA,NA,NA,yes
2014,8,17,797,cichlid,1,0.07,NA,NA,NA,yes
2014,8,17,797,ufp,1,0.28,NA,NA,NA,yes
2014,8,14,775,cichlid,1,0.12,NA,NA,NA,yes
2014,8,15,788,hap,1,0.1,NA,NA,NA,yes
2014,8,17,793,chaoborus larvae,20,0.02,NA,NA,NA,yes
2014,8,17,796,mukene,1,0.6,NA,NA,NA,yes
2014,8,13,763,ephemeroptera larvae,3,0.08,NA,NA,NA,yes
2014,8,15,785,ufp,1,0.04,NA,NA,NA,yes
2014,8,15,785,chironomid pupae,2,0.01,NA,NA,NA,yes
2014,8,15,785,odonata larvae,1,0.03,NA,NA,NA,yes
2014,8,15,783,cichlid,2,0.25,NA,NA,NA,yes
2014,8,14,771,leech,1,0.03,NA,NA,NA,yes
2014,8,14,771,chironomid larvae,2,0.01,NA,NA,NA,yes
2014,8,14,771,ephemeroptera larvae,1,0.01,NA,NA,NA,yes
2014,8,14,771,cichlid,1,0.03,NA,NA,NA,yes
2014,8,14,778,vegitation,1,0.001,NA,NA,NA,yes
2014,8,14,778,chironomid pupae,1,0.001,NA,NA,NA,yes
2014,8,14,778,chaoborus larvae,13,0.01,NA,NA,NA,yes
2014,8,14,777,ephemeroptera larvae,2,0.06,NA,NA,NA,yes
2014,8,14,777,clarias,2,0.84,NA,NA,NA,yes
2014,8,14,777,ufp,1,0.03,NA,NA,NA,yes
2014,8,15,787,ufp,2,0.18,NA,NA,NA,yes
2014,8,13,760,hap,1,1.8,3.9,1.5,NA,yes
2014,8,13,760,vegitation,1,0.01,NA,NA,NA,yes
2014,8,13,760,hap,1,0.47,NA,NA,NA,yes
2014,8,13,760,ufp,1,0.2,NA,NA,NA,yes
2014,8,17,803,odonata larvae,3,0.07,NA,NA,NA,yes
2014,8,13,768,ephemeroptera larvae,1,0.02,NA,NA,NA,yes
2014,8,13,768,hap,2,1.08,NA,NA,NA,yes
2014,8,13,768,ufp,2,0.18,NA,NA,NA,yes
2014,8,13,866,hap,1,0.23,NA,NA,NA,yes
2014,8,13,754,ufp,1,0.23,NA,NA,NA,yes
2014,8,13,754,hap,1,0.99,NA,NA,NA,yes
2014,8,13,754,cichlid,2,0.15,NA,NA,NA,yes
2014,10,9,891,hap,1,1.74,4,1.4,NA,yes
2014,10,10,905,hap,1,2.66,4.4,1.7,NA,yes
2014,10,7,874,vegitation,1,0.001,NA,NA,NA,yes
2014,10,7,874,chironomid pupae,1,0.001,NA,NA,NA,yes
2014,10,7,874,cichlid,1,0.2,NA,NA,NA,yes
2014,10,10,900,cichlid,2,0.78,NA,NA,NA,yes
2014,10,10,900,ufp,1,0.04,NA,NA,NA,yes
2014,10,9,892,cichlid,1,0.05,NA,NA,NA,yes
2014,10,9,892,chironomid pupae,2,0.01,NA,NA,NA,yes
2014,10,9,892,ufp,1,0.01,NA,NA,NA,yes
2014,10,9,892,chironomid larvae,3,0.001,NA,NA,NA,yes
2014,10,9,892,chaoborus larvae,43,0.08,NA,NA,NA,yes
2014,10,9,890,hap,1,0.23,2,0.6,NA,yes
2014,10,9,890,ufp,1,0.09,NA,NA,NA,yes
2014,10,10,906,hap,1,0.33,NA,NA,NA,yes
2014,10,10,906,cichlid,1,0.35,NA,NA,NA,yes
2014,10,7,871,ufp,1,0.07,NA,NA,NA,yes
2014,10,7,871,ephemeroptera larvae,18,0.2,NA,NA,NA,yes
2014,10,7,871,chironomid larvae,1,0.001,NA,NA,NA,yes
2014,10,10,901,mukene,1,0.81,NA,NA,NA,yes
2014,10,9,888,mukene,1,0.73,NA,NA,NA,yes
2014,10,8,878,chironomid pupae,1,0.001,NA,NA,NA,yes
2014,10,8,878,chaoborus larvae,2,0.001,NA,NA,NA,yes
2014,10,8,878,vegitation,1,0.001,NA,NA,NA,yes
2014,10,8,878,ephemeroptera larvae,9,0.3,NA,NA,NA,yes
2014,10,10,907,ufp,1,0.15,NA,NA,NA,yes
2014,10,10,907,cichlid,2,0.34,NA,NA,NA,yes
2014,10,10,907,hap,1,0.69,NA,NA,NA,yes
2014,10,8,885,ufp,1,0.01,NA,NA,NA,yes
2014,10,8,885,chironomid pupae,13,0.04,NA,NA,NA,yes
2014,10,8,885,chironomid larvae,3,0.01,NA,NA,NA,yes
2014,10,8,885,chaoborus pupae,1,0.001,NA,NA,NA,yes
2014,10,7,870,ephemeroptera larvae,6,0.22,NA,NA,NA,yes
2014,10,10,909,cichlid,1,0.88,NA,NA,NA,yes
2014,10,8,877,cichlid,1,0.02,NA,NA,NA,yes
2014,10,8,877,ufp,1,0.01,NA,NA,NA,yes
2014,10,8,877,vegitation,3,0.15,NA,NA,NA,yes
2014,10,8,877,diptera larvae,1,0.001,NA,NA,NA,yes
2014,10,10,899,hap,1,1.55,3.9,1.4,NA,yes
2014,10,10,899,hap,1,0.44,2.6,1,NA,yes
2014,10,9,892,corixidae adult,1,0.001,NA,NA,NA,yes
2014,10,9,892,cichlid,30,1.83,NA,NA,"scales seemed to indicate all were juvenile haps, two individuals below seemed typical of size of the rest of the prey.",yes
2014,10,9,892,cichlid,1,0.1,1.5,0.6,NA,yes
2014,10,9,892,cichlid,1,0.15,1.6,0.6,NA,yes
2014,12,12,938,ufp,1,0.48,NA,NA,NA,yes
2014,12,11,914,ephemeroptera larvae,2,0.01,NA,NA,NA,yes
2014,12,11,914,odonata larvae,1,0.05,NA,NA,NA,yes
2014,12,11,914,ufp,3,0.62,NA,NA,NA,yes
2014,12,13,953,tilapinne cichlid,1,0.16,1.7,0.6,NA,yes
2014,12,11,926,cichlid,1,0.58,NA,NA,NA,yes
2014,12,11,926,hap,2,1.18,NA,NA,NA,yes
2014,12,14,969,cichlid,1,0.45,NA,NA,NA,yes
2014,12,11,925,vegitation,2,0.02,NA,NA,NA,yes
2014,12,11,925,hap,2,1.39,NA,NA,NA,yes
2014,12,11,925,ufp,1,0.09,NA,NA,NA,yes
2014,12,11,929,vegitation,1,0.001,NA,NA,NA,yes
2014,12,11,929,ephemeroptera larvae,8,0.23,NA,NA,NA,yes
2014,12,11,929,corixidae adult,1,0.01,NA,NA,NA,yes
2014,12,11,929,chaoborus larvae,3,0.001,NA,NA,NA,yes
2014,12,13,959,hap,1,0.79,NA,NA,NA,yes
2014,12,11,918,hap,1,1.42,NA,NA,NA,yes
2014,12,11,920,cichlid,1,0.5,NA,NA,NA,yes
2014,12,11,920,ufp,1,0.47,NA,NA,NA,yes
2014,12,11,916,nile perch,1,0.26,NA,NA,NA,yes
2014,12,11,916,ufp,1,0.09,NA,NA,NA,yes
2014,12,11,916,barbus,1,0.57,NA,NA,NA,yes
2014,12,11,913,cichlid,1,2.62,NA,NA,NA,yes
2014,12,11,913,odonata larvae,2,0.34,NA,NA,NA,yes
2014,6,20,701,mastacembelus,1,3.76,NA,NA,"TL of perch701: 76cm, sl: 64cm",yes
2013,6,9,315,hap,1,3.57,5.5,1.7,NA,yes
2013,6,9,315,cichlid,4,9.13,NA,NA,NA,yes
2013,6,12,329,hap,1,0.51,3.1,0.9,NA,yes
2013,6,12,329,hap,1,2.1,4.3,1.5,NA,yes
2013,6,12,329,clarias,1,0.41,4.4,0.5,NA,yes
2013,6,12,329,ufp,3,1.13,NA,NA,NA,yes
2013,6,12,329,hap,1,0.76,NA,NA,NA,yes
2014,12,12,940,mukene,3,1.49,NA,NA,NA,yes
2014,12,14,970,hap,1,2.78,NA,NA,NA,yes
2014,12,12,945,hap,1,2.13,NA,NA,NA,yes
2014,12,13,952,mukene,3,1.63,NA,NA,NA,yes
2014,12,13,952,ufp,1,0.23,NA,NA,NA,yes
2014,12,11,927,hap,1,2.01,NA,NA,NA,yes
2014,12,14,962,mukene,2,1.63,NA,NA,NA,yes
2014,12,14,964,ufp,1,0.08,NA,NA,NA,yes
2014,12,14,964,barbus,1,1.25,NA,NA,NA,yes
2014,12,12,934,hap,1,1.32,NA,NA,NA,yes
2014,12,12,943,cichlid,2,0.61,NA,NA,NA,yes
2014,12,12,935,hap,2,4.91,5.5,1.9,NA,yes
2014,12,12,935,mukene,1,0.41,NA,NA,NA,yes
2014,12,12,935,ufp,3,0.53,NA,NA,NA,yes
2010,2,5,1818,nile perch,2,15.3,9.3,2.8,open water,yes
2010,2,5,1818,hap,4,73.1,10.6,4.4,NA,yes
2010,2,5,1818,vegitation,1,0.12,NA,NA,NA,yes
2008,7,27,979,hap,3,71.5,12.9,4.75,Hippo-kawuwa,yes
2008,7,27,979,ephemeroptera larvae,1,0.01,NA,NA,NA,yes
2010,4,14,122,ufp,2,5.88,NA,NA,"past pump hippo, open water",yes
